sample_id,isolate_id,label,primary_gene,binding_score,docking_confidence,mapped_genes,mutations,feature_length
ISO_0001_Ciprofloxacin,ISO_0001,Medium,gyrA,-6.73,0.757,"gyrA,parC,blaTEM","gyrA_S83L,parC_S80I",216
ISO_0001_Levofloxacin,ISO_0001,Medium,gyrA,-6.68,0.7496,"gyrA,parC,blaTEM","gyrA_S83L,parC_S80I",216
ISO_0001_Ampicillin,ISO_0001,High,gyrA,-6.52,0.7267,"gyrA,parC,blaTEM","gyrA_S83L,parC_S80I",216
ISO_0001_Tetracycline,ISO_0001,Low,gyrA,-6.49,0.7219,"gyrA,parC,blaTEM","gyrA_S83L,parC_S80I",216
ISO_0002_Ciprofloxacin,ISO_0002,High,gyrA,-6.92,0.813,"gyrA,parC,blaTEM","gyrA_S83L,gyrA_D87N,parC_S80I",216
ISO_0002_Levofloxacin,ISO_0002,High,gyrA,-6.91,0.8123,"gyrA,parC,blaTEM","gyrA_S83L,gyrA_D87N,parC_S80I",216
ISO_0002_Ampicillin,ISO_0002,High,gyrA,-6.63,0.7722,"gyrA,parC,blaTEM","gyrA_S83L,gyrA_D87N,parC_S80I",216
ISO_0002_Tetracycline,ISO_0002,Low,gyrA,-6.5,0.7524,"gyrA,parC,blaTEM","gyrA_S83L,gyrA_D87N,parC_S80I",216
ISO_0003_Ciprofloxacin,ISO_0003,High,gyrA,-6.78,0.7641,"gyrA,parC,blaTEM,tetA","gyrA_S83L,parC_S80I",216
ISO_0003_Levofloxacin,ISO_0003,High,gyrA,-6.82,0.7699,"gyrA,parC,blaTEM,tetA","gyrA_S83L,parC_S80I",216
ISO_0003_Ampicillin,ISO_0003,Medium,gyrA,-6.47,0.7185,"gyrA,parC,blaTEM,tetA","gyrA_S83L,parC_S80I",216
ISO_0003_Tetracycline,ISO_0003,Low,gyrA,-6.46,0.718,"gyrA,parC,blaTEM,tetA","gyrA_S83L,parC_S80I",216
ISO_0004_Ciprofloxacin,ISO_0004,Sensitive,gyrA,-6.12,0.6105,"gyrA,parC",No_mutation,216
ISO_0004_Levofloxacin,ISO_0004,Sensitive,gyrA,-6.14,0.6132,"gyrA,parC",No_mutation,216
ISO_0004_Ampicillin,ISO_0004,Low,gyrA,-6.45,0.6587,"gyrA,parC",No_mutation,216
ISO_0004_Tetracycline,ISO_0004,Low,gyrA,-6.38,0.6475,"gyrA,parC",No_mutation,216
ISO_0005_Ciprofloxacin,ISO_0005,Medium,gyrA,-6.43,0.6845,"gyrA,parC,blaTEM,tetA",gyrA_S83L,216
ISO_0005_Levofloxacin,ISO_0005,Low,gyrA,-6.49,0.6929,"gyrA,parC,blaTEM,tetA",gyrA_S83L,216
ISO_0005_Ampicillin,ISO_0005,Low,gyrA,-6.52,0.6972,"gyrA,parC,blaTEM,tetA",gyrA_S83L,216
ISO_0005_Tetracycline,ISO_0005,Low,gyrA,-6.38,0.6777,"gyrA,parC,blaTEM,tetA",gyrA_S83L,216
ISO_0006_Ciprofloxacin,ISO_0006,Low,gyrA,-6.26,0.6304,"gyrA,parC,tetA",No_mutation,216
ISO_0006_Levofloxacin,ISO_0006,Sensitive,gyrA,-6.12,0.6106,"gyrA,parC,tetA",No_mutation,216
ISO_0006_Ampicillin,ISO_0006,Sensitive,gyrA,-6.29,0.6349,"gyrA,parC,tetA",No_mutation,216
ISO_0006_Tetracycline,ISO_0006,Low,gyrA,-6.37,0.6463,"gyrA,parC,tetA",No_mutation,216
ISO_0007_Ciprofloxacin,ISO_0007,Medium,gyrA,-6.78,0.7641,"gyrA,parC,blaTEM,tetA","gyrA_S83L,parC_S80I",216
ISO_0007_Levofloxacin,ISO_0007,Medium,gyrA,-6.73,0.7577,"gyrA,parC,blaTEM,tetA","gyrA_S83L,parC_S80I",216
ISO_0007_Ampicillin,ISO_0007,Medium,gyrA,-6.47,0.7187,"gyrA,parC,blaTEM,tetA","gyrA_S83L,parC_S80I",216
ISO_0007_Tetracycline,ISO_0007,Sensitive,gyrA,-6.51,0.7247,"gyrA,parC,blaTEM,tetA","gyrA_S83L,parC_S80I",216
ISO_0008_Ciprofloxacin,ISO_0008,High,gyrA,-7.08,0.8663,"gyrA,parC,tetA","gyrA_S83L,gyrA_D87N,parC_S80I,parC_E84K",216
ISO_0008_Levofloxacin,ISO_0008,High,gyrA,-7.05,0.8619,"gyrA,parC,tetA","gyrA_S83L,gyrA_D87N,parC_S80I,parC_E84K",216
ISO_0008_Ampicillin,ISO_0008,Low,gyrA,-6.76,0.819,"gyrA,parC,tetA","gyrA_S83L,gyrA_D87N,parC_S80I,parC_E84K",216
ISO_0008_Tetracycline,ISO_0008,Medium,gyrA,-6.59,0.7953,"gyrA,parC,tetA","gyrA_S83L,gyrA_D87N,parC_S80I,parC_E84K",216
ISO_0009_Ciprofloxacin,ISO_0009,Low,gyrA,-6.14,0.6138,"gyrA,parC",No_mutation,216
ISO_0009_Levofloxacin,ISO_0009,Sensitive,gyrA,-6.11,0.6085,"gyrA,parC",No_mutation,216
ISO_0009_Ampicillin,ISO_0009,Low,gyrA,-6.38,0.6486,"gyrA,parC",No_mutation,216
ISO_0009_Tetracycline,ISO_0009,Low,gyrA,-6.3,0.6372,"gyrA,parC",No_mutation,216
ISO_0010_Ciprofloxacin,ISO_0010,Low,gyrA,-6.18,0.6191,"gyrA,parC",No_mutation,216
ISO_0010_Levofloxacin,ISO_0010,Sensitive,gyrA,-6.14,0.613,"gyrA,parC",No_mutation,216
ISO_0010_Ampicillin,ISO_0010,Low,gyrA,-6.3,0.6359,"gyrA,parC",No_mutation,216
ISO_0010_Tetracycline,ISO_0010,Low,gyrA,-6.35,0.6432,"gyrA,parC",No_mutation,216
ISO_0011_Ciprofloxacin,ISO_0011,Sensitive,gyrA,-6.11,0.6082,"gyrA,parC,blaTEM,tetA",No_mutation,216
ISO_0011_Levofloxacin,ISO_0011,Sensitive,gyrA,-6.25,0.6289,"gyrA,parC,blaTEM,tetA",No_mutation,216
ISO_0011_Ampicillin,ISO_0011,Low,gyrA,-6.45,0.6586,"gyrA,parC,blaTEM,tetA",No_mutation,216
ISO_0011_Tetracycline,ISO_0011,Medium,gyrA,-6.32,0.6392,"gyrA,parC,blaTEM,tetA",No_mutation,216
ISO_0012_Ciprofloxacin,ISO_0012,Medium,gyrA,-6.42,0.6833,"gyrA,parC,blaTEM,tetA",gyrA_S83L,216
ISO_0012_Levofloxacin,ISO_0012,Medium,gyrA,-6.61,0.7108,"gyrA,parC,blaTEM,tetA",gyrA_S83L,216
ISO_0012_Ampicillin,ISO_0012,High,gyrA,-6.49,0.6937,"gyrA,parC,blaTEM,tetA",gyrA_S83L,216
ISO_0012_Tetracycline,ISO_0012,Medium,gyrA,-6.34,0.6713,"gyrA,parC,blaTEM,tetA",gyrA_S83L,216
ISO_0013_Ciprofloxacin,ISO_0013,High,gyrA,-7.06,0.8636,"gyrA,parC","gyrA_S83L,gyrA_D87N,parC_S80I,parC_E84K",216
ISO_0013_Levofloxacin,ISO_0013,High,gyrA,-7.09,0.8679,"gyrA,parC","gyrA_S83L,gyrA_D87N,parC_S80I,parC_E84K",216
ISO_0013_Ampicillin,ISO_0013,Sensitive,gyrA,-6.64,0.8027,"gyrA,parC","gyrA_S83L,gyrA_D87N,parC_S80I,parC_E84K",216
ISO_0013_Tetracycline,ISO_0013,Low,gyrA,-6.64,0.8017,"gyrA,parC","gyrA_S83L,gyrA_D87N,parC_S80I,parC_E84K",216
ISO_0014_Ciprofloxacin,ISO_0014,Medium,gyrA,-6.59,0.7078,"gyrA,parC,tetA",gyrA_S83L,216
ISO_0014_Levofloxacin,ISO_0014,Medium,gyrA,-6.48,0.6916,"gyrA,parC,tetA",gyrA_S83L,216
ISO_0014_Ampicillin,ISO_0014,Sensitive,gyrA,-6.36,0.674,"gyrA,parC,tetA",gyrA_S83L,216
ISO_0014_Tetracycline,ISO_0014,High,gyrA,-6.45,0.687,"gyrA,parC,tetA",gyrA_S83L,216
ISO_0015_Ciprofloxacin,ISO_0015,High,gyrA,-6.99,0.8238,"gyrA,parC,tetA","gyrA_S83L,gyrA_D87N,parC_S80I",216
ISO_0015_Levofloxacin,ISO_0015,High,gyrA,-6.9,0.8112,"gyrA,parC,tetA","gyrA_S83L,gyrA_D87N,parC_S80I",216
ISO_0015_Ampicillin,ISO_0015,Low,gyrA,-6.66,0.7753,"gyrA,parC,tetA","gyrA_S83L,gyrA_D87N,parC_S80I",216
ISO_0015_Tetracycline,ISO_0015,Medium,gyrA,-6.46,0.747,"gyrA,parC,tetA","gyrA_S83L,gyrA_D87N,parC_S80I",216
ISO_0016_Ciprofloxacin,ISO_0016,Low,gyrA,-6.42,0.6827,"gyrA,parC,blaTEM",gyrA_S83L,216
ISO_0016_Levofloxacin,ISO_0016,Medium,gyrA,-6.63,0.7137,"gyrA,parC,blaTEM",gyrA_S83L,216
ISO_0016_Ampicillin,ISO_0016,Medium,gyrA,-6.39,0.678,"gyrA,parC,blaTEM",gyrA_S83L,216
ISO_0016_Tetracycline,ISO_0016,Low,gyrA,-6.42,0.6831,"gyrA,parC,blaTEM",gyrA_S83L,216
ISO_0017_Ciprofloxacin,ISO_0017,High,gyrA,-7.13,0.8729,"gyrA,parC,blaTEM,tetA","gyrA_S83L,gyrA_D87N,parC_S80I,parC_E84K",216
ISO_0017_Levofloxacin,ISO_0017,High,gyrA,-7.0,0.8547,"gyrA,parC,blaTEM,tetA","gyrA_S83L,gyrA_D87N,parC_S80I,parC_E84K",216
ISO_0017_Ampicillin,ISO_0017,Sensitive,gyrA,-6.61,0.7985,"gyrA,parC,blaTEM,tetA","gyrA_S83L,gyrA_D87N,parC_S80I,parC_E84K",216
ISO_0017_Tetracycline,ISO_0017,Sensitive,gyrA,-6.61,0.7974,"gyrA,parC,blaTEM,tetA","gyrA_S83L,gyrA_D87N,parC_S80I,parC_E84K",216
ISO_0018_Ciprofloxacin,ISO_0018,High,gyrA,-6.8,0.7965,"gyrA,parC,tetA","gyrA_S83L,parC_S80I,parC_E84K",216
ISO_0018_Levofloxacin,ISO_0018,High,gyrA,-6.9,0.8109,"gyrA,parC,tetA","gyrA_S83L,parC_S80I,parC_E84K",216
ISO_0018_Ampicillin,ISO_0018,Low,gyrA,-6.64,0.7727,"gyrA,parC,tetA","gyrA_S83L,parC_S80I,parC_E84K",216
ISO_0018_Tetracycline,ISO_0018,Medium,gyrA,-6.53,0.7569,"gyrA,parC,tetA","gyrA_S83L,parC_S80I,parC_E84K",216
ISO_0019_Ciprofloxacin,ISO_0019,Low,gyrA,-6.19,0.6208,"gyrA,parC,blaTEM,tetA",No_mutation,216
ISO_0019_Levofloxacin,ISO_0019,Sensitive,gyrA,-6.18,0.619,"gyrA,parC,blaTEM,tetA",No_mutation,216
ISO_0019_Ampicillin,ISO_0019,Medium,gyrA,-6.29,0.6352,"gyrA,parC,blaTEM,tetA",No_mutation,216
ISO_0019_Tetracycline,ISO_0019,Low,gyrA,-6.29,0.6344,"gyrA,parC,blaTEM,tetA",No_mutation,216
ISO_0020_Ciprofloxacin,ISO_0020,Low,gyrA,-6.15,0.614,"gyrA,parC,blaTEM,tetA",No_mutation,216
ISO_0020_Levofloxacin,ISO_0020,Sensitive,gyrA,-6.19,0.6204,"gyrA,parC,blaTEM,tetA",No_mutation,216
ISO_0020_Ampicillin,ISO_0020,High,gyrA,-6.35,0.644,"gyrA,parC,blaTEM,tetA",No_mutation,216
ISO_0020_Tetracycline,ISO_0020,Low,gyrA,-6.26,0.6308,"gyrA,parC,blaTEM,tetA",No_mutation,216
ISO_0021_Ciprofloxacin,ISO_0021,Sensitive,gyrA,-6.08,0.6048,"gyrA,parC,blaTEM,tetA",No_mutation,216
ISO_0021_Levofloxacin,ISO_0021,Low,gyrA,-6.23,0.6266,"gyrA,parC,blaTEM,tetA",No_mutation,216
ISO_0021_Ampicillin,ISO_0021,High,gyrA,-6.48,0.662,"gyrA,parC,blaTEM,tetA",No_mutation,216
ISO_0021_Tetracycline,ISO_0021,Low,gyrA,-6.39,0.6498,"gyrA,parC,blaTEM,tetA",No_mutation,216
ISO_0022_Ciprofloxacin,ISO_0022,Low,gyrA,-6.44,0.6855,"gyrA,parC,blaTEM,tetA",gyrA_S83L,216
ISO_0022_Levofloxacin,ISO_0022,Low,gyrA,-6.48,0.6913,"gyrA,parC,blaTEM,tetA",gyrA_S83L,216
ISO_0022_Ampicillin,ISO_0022,Medium,gyrA,-6.37,0.6757,"gyrA,parC,blaTEM,tetA",gyrA_S83L,216
ISO_0022_Tetracycline,ISO_0022,Low,gyrA,-6.41,0.6819,"gyrA,parC,blaTEM,tetA",gyrA_S83L,216
ISO_0023_Ciprofloxacin,ISO_0023,High,gyrA,-6.85,0.8037,"gyrA,parC,blaTEM,tetA","gyrA_S83L,gyrA_D87N,parC_S80I",216
ISO_0023_Levofloxacin,ISO_0023,High,gyrA,-6.95,0.8176,"gyrA,parC,blaTEM,tetA","gyrA_S83L,gyrA_D87N,parC_S80I",216
ISO_0023_Ampicillin,ISO_0023,Sensitive,gyrA,-6.54,0.7583,"gyrA,parC,blaTEM,tetA","gyrA_S83L,gyrA_D87N,parC_S80I",216
ISO_0023_Tetracycline,ISO_0023,Medium,gyrA,-6.54,0.758,"gyrA,parC,blaTEM,tetA","gyrA_S83L,gyrA_D87N,parC_S80I",216
ISO_0024_Ciprofloxacin,ISO_0024,High,gyrA,-6.74,0.7581,"gyrA,parC,blaTEM,tetA","gyrA_S83L,parC_S80I",216
ISO_0024_Levofloxacin,ISO_0024,Medium,gyrA,-6.74,0.7582,"gyrA,parC,blaTEM,tetA","gyrA_S83L,parC_S80I",216
ISO_0024_Ampicillin,ISO_0024,Low,gyrA,-6.55,0.731,"gyrA,parC,blaTEM,tetA","gyrA_S83L,parC_S80I",216
ISO_0024_Tetracycline,ISO_0024,High,gyrA,-6.52,0.7267,"gyrA,parC,blaTEM,tetA","gyrA_S83L,parC_S80I",216
ISO_0025_Ciprofloxacin,ISO_0025,High,gyrA,-6.76,0.7614,"gyrA,parC,blaTEM,tetA","gyrA_S83L,parC_S80I",216
ISO_0025_Levofloxacin,ISO_0025,Medium,gyrA,-6.67,0.748,"gyrA,parC,blaTEM,tetA","gyrA_S83L,parC_S80I",216
ISO_0025_Ampicillin,ISO_0025,Low,gyrA,-6.49,0.7226,"gyrA,parC,blaTEM,tetA","gyrA_S83L,parC_S80I",216
ISO_0025_Tetracycline,ISO_0025,Medium,gyrA,-6.5,0.7233,"gyrA,parC,blaTEM,tetA","gyrA_S83L,parC_S80I",216
ISO_0026_Ciprofloxacin,ISO_0026,Medium,gyrA,-6.68,0.7499,"gyrA,parC,blaTEM,tetA","gyrA_S83L,parC_S80I",216
ISO_0026_Levofloxacin,ISO_0026,Medium,gyrA,-6.74,0.758,"gyrA,parC,blaTEM,tetA","gyrA_S83L,parC_S80I",216
ISO_0026_Ampicillin,ISO_0026,Sensitive,gyrA,-6.44,0.7144,"gyrA,parC,blaTEM,tetA","gyrA_S83L,parC_S80I",216
ISO_0026_Tetracycline,ISO_0026,Low,gyrA,-6.54,0.7291,"gyrA,parC,blaTEM,tetA","gyrA_S83L,parC_S80I",216
ISO_0027_Ciprofloxacin,ISO_0027,High,gyrA,-6.93,0.815,"gyrA,parC,blaTEM,tetA","gyrA_S83L,gyrA_D87N,parC_S80I",216
ISO_0027_Levofloxacin,ISO_0027,High,gyrA,-6.93,0.8146,"gyrA,parC,blaTEM,tetA","gyrA_S83L,gyrA_D87N,parC_S80I",216
ISO_0027_Ampicillin,ISO_0027,Low,gyrA,-6.63,0.7718,"gyrA,parC,blaTEM,tetA","gyrA_S83L,gyrA_D87N,parC_S80I",216
ISO_0027_Tetracycline,ISO_0027,Low,gyrA,-6.6,0.7669,"gyrA,parC,blaTEM,tetA","gyrA_S83L,gyrA_D87N,parC_S80I",216
ISO_0028_Ciprofloxacin,ISO_0028,Low,gyrA,-6.15,0.6149,"gyrA,parC,blaTEM,tetA",No_mutation,216
ISO_0028_Levofloxacin,ISO_0028,Sensitive,gyrA,-6.23,0.6257,"gyrA,parC,blaTEM,tetA",No_mutation,216
ISO_0028_Ampicillin,ISO_0028,Low,gyrA,-6.47,0.6609,"gyrA,parC,blaTEM,tetA",No_mutation,216
ISO_0028_Tetracycline,ISO_0028,Low,gyrA,-6.32,0.6389,"gyrA,parC,blaTEM,tetA",No_mutation,216
ISO_0029_Ciprofloxacin,ISO_0029,Sensitive,gyrA,-6.14,0.6137,"gyrA,parC,blaTEM,tetA",No_mutation,216
ISO_0029_Levofloxacin,ISO_0029,Sensitive,gyrA,-6.23,0.6268,"gyrA,parC,blaTEM,tetA",No_mutation,216
ISO_0029_Ampicillin,ISO_0029,Medium,gyrA,-6.3,0.6371,"gyrA,parC,blaTEM,tetA",No_mutation,216
ISO_0029_Tetracycline,ISO_0029,Medium,gyrA,-6.32,0.639,"gyrA,parC,blaTEM,tetA",No_mutation,216
ISO_0030_Ciprofloxacin,ISO_0030,High,gyrA,-6.82,0.7705,"gyrA,parC,blaTEM,tetA","gyrA_S83L,parC_S80I",216
ISO_0030_Levofloxacin,ISO_0030,Medium,gyrA,-6.73,0.7566,"gyrA,parC,blaTEM,tetA","gyrA_S83L,parC_S80I",216
ISO_0030_Ampicillin,ISO_0030,High,gyrA,-6.5,0.7238,"gyrA,parC,blaTEM,tetA","gyrA_S83L,parC_S80I",216
ISO_0030_Tetracycline,ISO_0030,Low,gyrA,-6.5,0.7241,"gyrA,parC,blaTEM,tetA","gyrA_S83L,parC_S80I",216
ISO_0031_Ciprofloxacin,ISO_0031,Low,gyrA,-6.19,0.6199,"gyrA,parC,blaTEM,tetA",No_mutation,216
ISO_0031_Levofloxacin,ISO_0031,Sensitive,gyrA,-6.16,0.6162,"gyrA,parC,blaTEM,tetA",No_mutation,216
ISO_0031_Ampicillin,ISO_0031,Low,gyrA,-6.41,0.6521,"gyrA,parC,blaTEM,tetA",No_mutation,216
ISO_0031_Tetracycline,ISO_0031,Medium,gyrA,-6.34,0.6418,"gyrA,parC,blaTEM,tetA",No_mutation,216
ISO_0032_Ciprofloxacin,ISO_0032,Sensitive,gyrA,-6.08,0.6043,"gyrA,parC,blaTEM",No_mutation,216
ISO_0032_Levofloxacin,ISO_0032,Sensitive,gyrA,-6.14,0.613,"gyrA,parC,blaTEM",No_mutation,216
ISO_0032_Ampicillin,ISO_0032,Medium,gyrA,-6.34,0.642,"gyrA,parC,blaTEM",No_mutation,216
ISO_0032_Tetracycline,ISO_0032,Sensitive,gyrA,-6.25,0.6291,"gyrA,parC,blaTEM",No_mutation,216
ISO_0033_Ciprofloxacin,ISO_0033,High,gyrA,-6.87,0.8069,"gyrA,parC,tetA","gyrA_S83L,gyrA_D87N,parC_S80I",216
ISO_0033_Levofloxacin,ISO_0033,High,gyrA,-6.99,0.8234,"gyrA,parC,tetA","gyrA_S83L,gyrA_D87N,parC_S80I",216
ISO_0033_Ampicillin,ISO_0033,Sensitive,gyrA,-6.54,0.7584,"gyrA,parC,tetA","gyrA_S83L,gyrA_D87N,parC_S80I",216
ISO_0033_Tetracycline,ISO_0033,Medium,gyrA,-6.54,0.7587,"gyrA,parC,tetA","gyrA_S83L,gyrA_D87N,parC_S80I",216
ISO_0034_Ciprofloxacin,ISO_0034,Low,gyrA,-6.24,0.6275,"gyrA,parC,tetA",No_mutation,216
ISO_0034_Levofloxacin,ISO_0034,Low,gyrA,-6.19,0.6206,"gyrA,parC,tetA",No_mutation,216
ISO_0034_Ampicillin,ISO_0034,Low,gyrA,-6.4,0.6515,"gyrA,parC,tetA",No_mutation,216
ISO_0034_Tetracycline,ISO_0034,Low,gyrA,-6.31,0.6374,"gyrA,parC,tetA",No_mutation,216
ISO_0035_Ciprofloxacin,ISO_0035,High,gyrA,-6.71,0.7543,"gyrA,parC,blaTEM,tetA","gyrA_S83L,parC_S80I",216
ISO_0035_Levofloxacin,ISO_0035,Medium,gyrA,-6.77,0.7632,"gyrA,parC,blaTEM,tetA","gyrA_S83L,parC_S80I",216
ISO_0035_Ampicillin,ISO_0035,High,gyrA,-6.57,0.7331,"gyrA,parC,blaTEM,tetA","gyrA_S83L,parC_S80I",216
ISO_0035_Tetracycline,ISO_0035,Low,gyrA,-6.49,0.7221,"gyrA,parC,blaTEM,tetA","gyrA_S83L,parC_S80I",216
ISO_0036_Ciprofloxacin,ISO_0036,High,gyrA,-6.82,0.7704,"gyrA,parC,blaTEM","gyrA_S83L,parC_S80I",216
ISO_0036_Levofloxacin,ISO_0036,Medium,gyrA,-6.76,0.761,"gyrA,parC,blaTEM","gyrA_S83L,parC_S80I",216
ISO_0036_Ampicillin,ISO_0036,High,gyrA,-6.55,0.7309,"gyrA,parC,blaTEM","gyrA_S83L,parC_S80I",216
ISO_0036_Tetracycline,ISO_0036,Sensitive,gyrA,-6.37,0.7052,"gyrA,parC,blaTEM","gyrA_S83L,parC_S80I",216
ISO_0037_Ciprofloxacin,ISO_0037,High,gyrA,-6.9,0.8102,"gyrA,parC,blaTEM,tetA","gyrA_S83L,parC_S80I,parC_E84K",216
ISO_0037_Levofloxacin,ISO_0037,Medium,gyrA,-6.85,0.8036,"gyrA,parC,blaTEM,tetA","gyrA_S83L,parC_S80I,parC_E84K",216
ISO_0037_Ampicillin,ISO_0037,Medium,gyrA,-6.49,0.7505,"gyrA,parC,blaTEM,tetA","gyrA_S83L,parC_S80I,parC_E84K",216
ISO_0037_Tetracycline,ISO_0037,Medium,gyrA,-6.56,0.7616,"gyrA,parC,blaTEM,tetA","gyrA_S83L,parC_S80I,parC_E84K",216
ISO_0038_Ciprofloxacin,ISO_0038,Medium,gyrA,-6.62,0.712,"gyrA,parC,blaTEM,tetA",gyrA_S83L,216
ISO_0038_Levofloxacin,ISO_0038,Low,gyrA,-6.49,0.6926,"gyrA,parC,blaTEM,tetA",gyrA_S83L,216
ISO_0038_Ampicillin,ISO_0038,Medium,gyrA,-6.4,0.6798,"gyrA,parC,blaTEM,tetA",gyrA_S83L,216
ISO_0038_Tetracycline,ISO_0038,Sensitive,gyrA,-6.35,0.6721,"gyrA,parC,blaTEM,tetA",gyrA_S83L,216
ISO_0039_Ciprofloxacin,ISO_0039,Medium,gyrA,-6.8,0.7962,"gyrA,parC,tetA","gyrA_S83L,parC_S80I,parC_E84K",216
ISO_0039_Levofloxacin,ISO_0039,High,gyrA,-6.87,0.8062,"gyrA,parC,tetA","gyrA_S83L,parC_S80I,parC_E84K",216
ISO_0039_Ampicillin,ISO_0039,Sensitive,gyrA,-6.65,0.7748,"gyrA,parC,tetA","gyrA_S83L,parC_S80I,parC_E84K",216
ISO_0039_Tetracycline,ISO_0039,Medium,gyrA,-6.45,0.7454,"gyrA,parC,tetA","gyrA_S83L,parC_S80I,parC_E84K",216
ISO_0040_Ciprofloxacin,ISO_0040,Medium,gyrA,-6.77,0.7624,"gyrA,parC,tetA","gyrA_S83L,parC_S80I",216
ISO_0040_Levofloxacin,ISO_0040,Medium,gyrA,-6.72,0.7558,"gyrA,parC,tetA","gyrA_S83L,parC_S80I",216
ISO_0040_Ampicillin,ISO_0040,Low,gyrA,-6.49,0.7227,"gyrA,parC,tetA","gyrA_S83L,parC_S80I",216
ISO_0040_Tetracycline,ISO_0040,Medium,gyrA,-6.42,0.7115,"gyrA,parC,tetA","gyrA_S83L,parC_S80I",216
ISO_0041_Ciprofloxacin,ISO_0041,Medium,gyrA,-6.54,0.6999,"gyrA,parC,blaTEM",gyrA_S83L,216
ISO_0041_Levofloxacin,ISO_0041,Medium,gyrA,-6.6,0.7092,"gyrA,parC,blaTEM",gyrA_S83L,216
ISO_0041_Ampicillin,ISO_0041,Low,gyrA,-6.47,0.69,"gyrA,parC,blaTEM",gyrA_S83L,216
ISO_0041_Tetracycline,ISO_0041,Low,gyrA,-6.47,0.6901,"gyrA,parC,blaTEM",gyrA_S83L,216
ISO_0042_Ciprofloxacin,ISO_0042,High,gyrA,-6.73,0.7566,"gyrA,parC,blaTEM","gyrA_S83L,parC_S80I",216
ISO_0042_Levofloxacin,ISO_0042,Medium,gyrA,-6.8,0.7671,"gyrA,parC,blaTEM","gyrA_S83L,parC_S80I",216
ISO_0042_Ampicillin,ISO_0042,Medium,gyrA,-6.46,0.7176,"gyrA,parC,blaTEM","gyrA_S83L,parC_S80I",216
ISO_0042_Tetracycline,ISO_0042,Low,gyrA,-6.42,0.7122,"gyrA,parC,blaTEM","gyrA_S83L,parC_S80I",216
ISO_0043_Ciprofloxacin,ISO_0043,High,gyrA,-7.05,0.8623,"gyrA,parC,blaTEM,tetA","gyrA_S83L,gyrA_D87N,parC_S80I,parC_E84K",216
ISO_0043_Levofloxacin,ISO_0043,High,gyrA,-7.12,0.8725,"gyrA,parC,blaTEM,tetA","gyrA_S83L,gyrA_D87N,parC_S80I,parC_E84K",216
ISO_0043_Ampicillin,ISO_0043,Low,gyrA,-6.68,0.8082,"gyrA,parC,blaTEM,tetA","gyrA_S83L,gyrA_D87N,parC_S80I,parC_E84K",216
ISO_0043_Tetracycline,ISO_0043,Low,gyrA,-6.57,0.7921,"gyrA,parC,blaTEM,tetA","gyrA_S83L,gyrA_D87N,parC_S80I,parC_E84K",216
ISO_0044_Ciprofloxacin,ISO_0044,High,gyrA,-6.94,0.8161,"gyrA,parC","gyrA_S83L,gyrA_D87N,parC_S80I",216
ISO_0044_Levofloxacin,ISO_0044,High,gyrA,-6.93,0.8153,"gyrA,parC","gyrA_S83L,gyrA_D87N,parC_S80I",216
ISO_0044_Ampicillin,ISO_0044,Sensitive,gyrA,-6.54,0.758,"gyrA,parC","gyrA_S83L,gyrA_D87N,parC_S80I",216
ISO_0044_Tetracycline,ISO_0044,Low,gyrA,-6.56,0.761,"gyrA,parC","gyrA_S83L,gyrA_D87N,parC_S80I",216
ISO_0045_Ciprofloxacin,ISO_0045,Medium,gyrA,-6.67,0.7489,"gyrA,parC,blaTEM,tetA","gyrA_S83L,parC_S80I",216
ISO_0045_Levofloxacin,ISO_0045,Medium,gyrA,-6.66,0.7467,"gyrA,parC,blaTEM,tetA","gyrA_S83L,parC_S80I",216
ISO_0045_Ampicillin,ISO_0045,Sensitive,gyrA,-6.51,0.7245,"gyrA,parC,blaTEM,tetA","gyrA_S83L,parC_S80I",216
ISO_0045_Tetracycline,ISO_0045,Medium,gyrA,-6.45,0.7167,"gyrA,parC,blaTEM,tetA","gyrA_S83L,parC_S80I",216
ISO_0046_Ciprofloxacin,ISO_0046,Low,gyrA,-6.27,0.6318,"gyrA,parC,blaTEM,tetA",No_mutation,216
ISO_0046_Levofloxacin,ISO_0046,Low,gyrA,-6.27,0.6324,"gyrA,parC,blaTEM,tetA",No_mutation,216
ISO_0046_Ampicillin,ISO_0046,Medium,gyrA,-6.35,0.6442,"gyrA,parC,blaTEM,tetA",No_mutation,216
ISO_0046_Tetracycline,ISO_0046,Medium,gyrA,-6.31,0.638,"gyrA,parC,blaTEM,tetA",No_mutation,216
ISO_0047_Ciprofloxacin,ISO_0047,Sensitive,gyrA,-6.1,0.6067,"gyrA,parC,blaTEM",No_mutation,216
ISO_0047_Levofloxacin,ISO_0047,Low,gyrA,-6.32,0.6391,"gyrA,parC,blaTEM",No_mutation,216
ISO_0047_Ampicillin,ISO_0047,Medium,gyrA,-6.37,0.6469,"gyrA,parC,blaTEM",No_mutation,216
ISO_0047_Tetracycline,ISO_0047,Low,gyrA,-6.28,0.6332,"gyrA,parC,blaTEM",No_mutation,216
ISO_0048_Ciprofloxacin,ISO_0048,Medium,gyrA,-6.75,0.7889,"gyrA,parC,tetA","gyrA_S83L,parC_S80I,parC_E84K",216
ISO_0048_Levofloxacin,ISO_0048,Medium,gyrA,-6.86,0.805,"gyrA,parC,tetA","gyrA_S83L,parC_S80I,parC_E84K",216
ISO_0048_Ampicillin,ISO_0048,Sensitive,gyrA,-6.6,0.7678,"gyrA,parC,tetA","gyrA_S83L,parC_S80I,parC_E84K",216
ISO_0048_Tetracycline,ISO_0048,Sensitive,gyrA,-6.57,0.7634,"gyrA,parC,tetA","gyrA_S83L,parC_S80I,parC_E84K",216
ISO_0049_Ciprofloxacin,ISO_0049,Medium,gyrA,-6.69,0.7511,"gyrA,parC,tetA","gyrA_S83L,parC_S80I",216
ISO_0049_Levofloxacin,ISO_0049,Medium,gyrA,-6.83,0.771,"gyrA,parC,tetA","gyrA_S83L,parC_S80I",216
ISO_0049_Ampicillin,ISO_0049,Low,gyrA,-6.51,0.7252,"gyrA,parC,tetA","gyrA_S83L,parC_S80I",216
ISO_0049_Tetracycline,ISO_0049,Medium,gyrA,-6.47,0.7189,"gyrA,parC,tetA","gyrA_S83L,parC_S80I",216
ISO_0050_Ciprofloxacin,ISO_0050,Medium,gyrA,-6.63,0.7424,"gyrA,parC,blaTEM,tetA","gyrA_S83L,parC_S80I",216
ISO_0050_Levofloxacin,ISO_0050,Medium,gyrA,-6.8,0.767,"gyrA,parC,blaTEM,tetA","gyrA_S83L,parC_S80I",216
ISO_0050_Ampicillin,ISO_0050,Sensitive,gyrA,-6.51,0.7243,"gyrA,parC,blaTEM,tetA","gyrA_S83L,parC_S80I",216
ISO_0050_Tetracycline,ISO_0050,High,gyrA,-6.51,0.7253,"gyrA,parC,blaTEM,tetA","gyrA_S83L,parC_S80I",216
ISO_0051_Ciprofloxacin,ISO_0051,Sensitive,gyrA,-6.23,0.6266,"gyrA,parC,blaTEM,tetA",No_mutation,216
ISO_0051_Levofloxacin,ISO_0051,Sensitive,gyrA,-6.23,0.6269,"gyrA,parC,blaTEM,tetA",No_mutation,216
ISO_0051_Ampicillin,ISO_0051,Low,gyrA,-6.38,0.6484,"gyrA,parC,blaTEM,tetA",No_mutation,216
ISO_0051_Tetracycline,ISO_0051,Medium,gyrA,-6.31,0.6376,"gyrA,parC,blaTEM,tetA",No_mutation,216
ISO_0052_Ciprofloxacin,ISO_0052,Sensitive,gyrA,-6.13,0.6122,"gyrA,parC,blaTEM",No_mutation,216
ISO_0052_Levofloxacin,ISO_0052,Sensitive,gyrA,-6.27,0.6322,"gyrA,parC,blaTEM",No_mutation,216
ISO_0052_Ampicillin,ISO_0052,High,gyrA,-6.47,0.6606,"gyrA,parC,blaTEM",No_mutation,216
ISO_0052_Tetracycline,ISO_0052,Low,gyrA,-6.29,0.6349,"gyrA,parC,blaTEM",No_mutation,216
ISO_0053_Ciprofloxacin,ISO_0053,High,gyrA,-6.86,0.8054,"gyrA,parC,blaTEM,tetA","gyrA_S83L,parC_S80I,parC_E84K",216
ISO_0053_Levofloxacin,ISO_0053,High,gyrA,-6.93,0.8154,"gyrA,parC,blaTEM,tetA","gyrA_S83L,parC_S80I,parC_E84K",216
ISO_0053_Ampicillin,ISO_0053,Medium,gyrA,-6.61,0.7689,"gyrA,parC,blaTEM,tetA","gyrA_S83L,parC_S80I,parC_E84K",216
ISO_0053_Tetracycline,ISO_0053,High,gyrA,-6.58,0.7647,"gyrA,parC,blaTEM,tetA","gyrA_S83L,parC_S80I,parC_E84K",216
ISO_0054_Ciprofloxacin,ISO_0054,High,gyrA,-7.12,0.8721,"gyrA,parC,tetA","gyrA_S83L,gyrA_D87N,parC_S80I,parC_E84K",216
ISO_0054_Levofloxacin,ISO_0054,High,gyrA,-6.95,0.8471,"gyrA,parC,tetA","gyrA_S83L,gyrA_D87N,parC_S80I,parC_E84K",216
ISO_0054_Ampicillin,ISO_0054,Low,gyrA,-6.66,0.8043,"gyrA,parC,tetA","gyrA_S83L,gyrA_D87N,parC_S80I,parC_E84K",216
ISO_0054_Tetracycline,ISO_0054,Low,gyrA,-6.66,0.8048,"gyrA,parC,tetA","gyrA_S83L,gyrA_D87N,parC_S80I,parC_E84K",216
ISO_0055_Ciprofloxacin,ISO_0055,Low,gyrA,-6.29,0.6351,"gyrA,parC,blaTEM",No_mutation,216
ISO_0055_Levofloxacin,ISO_0055,Sensitive,gyrA,-6.15,0.6149,"gyrA,parC,blaTEM",No_mutation,216
ISO_0055_Ampicillin,ISO_0055,High,gyrA,-6.48,0.6628,"gyrA,parC,blaTEM",No_mutation,216
ISO_0055_Tetracycline,ISO_0055,Low,gyrA,-6.36,0.6448,"gyrA,parC,blaTEM",No_mutation,216
ISO_0056_Ciprofloxacin,ISO_0056,Low,gyrA,-6.23,0.6263,"gyrA,parC,blaTEM,tetA",No_mutation,216
ISO_0056_Levofloxacin,ISO_0056,Low,gyrA,-6.23,0.6268,"gyrA,parC,blaTEM,tetA",No_mutation,216
ISO_0056_Ampicillin,ISO_0056,High,gyrA,-6.4,0.6506,"gyrA,parC,blaTEM,tetA",No_mutation,216
ISO_0056_Tetracycline,ISO_0056,Low,gyrA,-6.33,0.6405,"gyrA,parC,blaTEM,tetA",No_mutation,216
ISO_0057_Ciprofloxacin,ISO_0057,Low,gyrA,-6.19,0.6209,"gyrA,parC,blaTEM,tetA",No_mutation,216
ISO_0057_Levofloxacin,ISO_0057,Sensitive,gyrA,-6.28,0.6339,"gyrA,parC,blaTEM,tetA",No_mutation,216
ISO_0057_Ampicillin,ISO_0057,Sensitive,gyrA,-6.42,0.6546,"gyrA,parC,blaTEM,tetA",No_mutation,216
ISO_0057_Tetracycline,ISO_0057,Sensitive,gyrA,-6.26,0.6299,"gyrA,parC,blaTEM,tetA",No_mutation,216
ISO_0058_Ciprofloxacin,ISO_0058,High,gyrA,-7.04,0.8604,"gyrA,parC,tetA","gyrA_S83L,gyrA_D87N,parC_S80I,parC_E84K",216
ISO_0058_Levofloxacin,ISO_0058,High,gyrA,-7.09,0.8682,"gyrA,parC,tetA","gyrA_S83L,gyrA_D87N,parC_S80I,parC_E84K",216
ISO_0058_Ampicillin,ISO_0058,Low,gyrA,-6.67,0.8071,"gyrA,parC,tetA","gyrA_S83L,gyrA_D87N,parC_S80I,parC_E84K",216
ISO_0058_Tetracycline,ISO_0058,High,gyrA,-6.65,0.8035,"gyrA,parC,tetA","gyrA_S83L,gyrA_D87N,parC_S80I,parC_E84K",216
ISO_0059_Ciprofloxacin,ISO_0059,High,gyrA,-7.02,0.8276,"gyrA,parC,blaTEM,tetA","gyrA_S83L,gyrA_D87N,parC_S80I",216
ISO_0059_Levofloxacin,ISO_0059,High,gyrA,-6.9,0.8112,"gyrA,parC,blaTEM,tetA","gyrA_S83L,gyrA_D87N,parC_S80I",216
ISO_0059_Ampicillin,ISO_0059,High,gyrA,-6.65,0.7744,"gyrA,parC,blaTEM,tetA","gyrA_S83L,gyrA_D87N,parC_S80I",216
ISO_0059_Tetracycline,ISO_0059,Sensitive,gyrA,-6.5,0.7533,"gyrA,parC,blaTEM,tetA","gyrA_S83L,gyrA_D87N,parC_S80I",216
ISO_0060_Ciprofloxacin,ISO_0060,Sensitive,gyrA,-6.17,0.6171,"gyrA,parC,blaTEM",No_mutation,216
ISO_0060_Levofloxacin,ISO_0060,Sensitive,gyrA,-6.14,0.6126,"gyrA,parC,blaTEM",No_mutation,216
ISO_0060_Ampicillin,ISO_0060,Sensitive,gyrA,-6.26,0.6307,"gyrA,parC,blaTEM",No_mutation,216
ISO_0060_Tetracycline,ISO_0060,Low,gyrA,-6.3,0.6363,"gyrA,parC,blaTEM",No_mutation,216
ISO_0061_Ciprofloxacin,ISO_0061,High,gyrA,-7.14,0.8753,"gyrA,parC,blaTEM","gyrA_S83L,gyrA_D87N,parC_S80I,parC_E84K",216
ISO_0061_Levofloxacin,ISO_0061,High,gyrA,-7.09,0.8669,"gyrA,parC,blaTEM","gyrA_S83L,gyrA_D87N,parC_S80I,parC_E84K",216
ISO_0061_Ampicillin,ISO_0061,Low,gyrA,-6.67,0.8058,"gyrA,parC,blaTEM","gyrA_S83L,gyrA_D87N,parC_S80I,parC_E84K",216
ISO_0061_Tetracycline,ISO_0061,Low,gyrA,-6.69,0.809,"gyrA,parC,blaTEM","gyrA_S83L,gyrA_D87N,parC_S80I,parC_E84K",216
ISO_0062_Ciprofloxacin,ISO_0062,Low,gyrA,-6.15,0.6145,"gyrA,parC,blaTEM,tetA",No_mutation,216
ISO_0062_Levofloxacin,ISO_0062,Sensitive,gyrA,-6.15,0.6149,"gyrA,parC,blaTEM,tetA",No_mutation,216
ISO_0062_Ampicillin,ISO_0062,Low,gyrA,-6.35,0.6437,"gyrA,parC,blaTEM,tetA",No_mutation,216
ISO_0062_Tetracycline,ISO_0062,High,gyrA,-6.3,0.6368,"gyrA,parC,blaTEM,tetA",No_mutation,216
ISO_0063_Ciprofloxacin,ISO_0063,High,gyrA,-6.82,0.7987,"gyrA,parC,blaTEM,tetA","gyrA_S83L,parC_S80I,parC_E84K",216
ISO_0063_Levofloxacin,ISO_0063,Medium,gyrA,-6.84,0.8019,"gyrA,parC,blaTEM,tetA","gyrA_S83L,parC_S80I,parC_E84K",216
ISO_0063_Ampicillin,ISO_0063,Medium,gyrA,-6.55,0.7603,"gyrA,parC,blaTEM,tetA","gyrA_S83L,parC_S80I,parC_E84K",216
ISO_0063_Tetracycline,ISO_0063,High,gyrA,-6.64,0.7735,"gyrA,parC,blaTEM,tetA","gyrA_S83L,parC_S80I,parC_E84K",216
ISO_0064_Ciprofloxacin,ISO_0064,Low,gyrA,-6.24,0.6273,"gyrA,parC",No_mutation,216
ISO_0064_Levofloxacin,ISO_0064,Sensitive,gyrA,-6.08,0.6048,"gyrA,parC",No_mutation,216
ISO_0064_Ampicillin,ISO_0064,Low,gyrA,-6.37,0.6474,"gyrA,parC",No_mutation,216
ISO_0064_Tetracycline,ISO_0064,Low,gyrA,-6.31,0.6375,"gyrA,parC",No_mutation,216
ISO_0065_Ciprofloxacin,ISO_0065,High,gyrA,-6.82,0.7991,"gyrA,parC,tetA","gyrA_S83L,parC_S80I,parC_E84K",216
ISO_0065_Levofloxacin,ISO_0065,High,gyrA,-6.97,0.8209,"gyrA,parC,tetA","gyrA_S83L,parC_S80I,parC_E84K",216
ISO_0065_Ampicillin,ISO_0065,Low,gyrA,-6.58,0.7639,"gyrA,parC,tetA","gyrA_S83L,parC_S80I,parC_E84K",216
ISO_0065_Tetracycline,ISO_0065,Medium,gyrA,-6.43,0.7421,"gyrA,parC,tetA","gyrA_S83L,parC_S80I,parC_E84K",216
ISO_0066_Ciprofloxacin,ISO_0066,Medium,gyrA,-6.79,0.7951,"gyrA,parC,blaTEM","gyrA_S83L,parC_S80I,parC_E84K",216
ISO_0066_Levofloxacin,ISO_0066,High,gyrA,-6.87,0.8067,"gyrA,parC,blaTEM","gyrA_S83L,parC_S80I,parC_E84K",216
ISO_0066_Ampicillin,ISO_0066,High,gyrA,-6.58,0.7645,"gyrA,parC,blaTEM","gyrA_S83L,parC_S80I,parC_E84K",216
ISO_0066_Tetracycline,ISO_0066,Low,gyrA,-6.65,0.774,"gyrA,parC,blaTEM","gyrA_S83L,parC_S80I,parC_E84K",216
ISO_0067_Ciprofloxacin,ISO_0067,Sensitive,gyrA,-6.2,0.6213,"gyrA,parC",No_mutation,216
ISO_0067_Levofloxacin,ISO_0067,Low,gyrA,-6.27,0.632,"gyrA,parC",No_mutation,216
ISO_0067_Ampicillin,ISO_0067,Low,gyrA,-6.43,0.6557,"gyrA,parC",No_mutation,216
ISO_0067_Tetracycline,ISO_0067,Sensitive,gyrA,-6.22,0.6252,"gyrA,parC",No_mutation,216
ISO_0068_Ciprofloxacin,ISO_0068,Medium,gyrA,-6.72,0.7559,"gyrA,parC,blaTEM,tetA","gyrA_S83L,parC_S80I",216
ISO_0068_Levofloxacin,ISO_0068,Medium,gyrA,-6.77,0.7632,"gyrA,parC,blaTEM,tetA","gyrA_S83L,parC_S80I",216
ISO_0068_Ampicillin,ISO_0068,High,gyrA,-6.57,0.733,"gyrA,parC,blaTEM,tetA","gyrA_S83L,parC_S80I",216
ISO_0068_Tetracycline,ISO_0068,Low,gyrA,-6.36,0.7039,"gyrA,parC,blaTEM,tetA","gyrA_S83L,parC_S80I",216
ISO_0069_Ciprofloxacin,ISO_0069,High,gyrA,-6.83,0.801,"gyrA,parC,blaTEM,tetA","gyrA_S83L,parC_S80I,parC_E84K",216
ISO_0069_Levofloxacin,ISO_0069,High,gyrA,-6.89,0.8093,"gyrA,parC,blaTEM,tetA","gyrA_S83L,parC_S80I,parC_E84K",216
ISO_0069_Ampicillin,ISO_0069,Low,gyrA,-6.66,0.7762,"gyrA,parC,blaTEM,tetA","gyrA_S83L,parC_S80I,parC_E84K",216
ISO_0069_Tetracycline,ISO_0069,High,gyrA,-6.55,0.7604,"gyrA,parC,blaTEM,tetA","gyrA_S83L,parC_S80I,parC_E84K",216
ISO_0070_Ciprofloxacin,ISO_0070,Low,gyrA,-6.19,0.6208,"gyrA,parC,blaTEM",No_mutation,216
ISO_0070_Levofloxacin,ISO_0070,Low,gyrA,-6.2,0.6222,"gyrA,parC,blaTEM",No_mutation,216
ISO_0070_Ampicillin,ISO_0070,High,gyrA,-6.37,0.6461,"gyrA,parC,blaTEM",No_mutation,216
ISO_0070_Tetracycline,ISO_0070,Sensitive,gyrA,-6.24,0.6279,"gyrA,parC,blaTEM",No_mutation,216
ISO_0071_Ciprofloxacin,ISO_0071,Medium,gyrA,-6.72,0.756,"gyrA,parC,blaTEM","gyrA_S83L,parC_S80I",216
ISO_0071_Levofloxacin,ISO_0071,Medium,gyrA,-6.82,0.7701,"gyrA,parC,blaTEM","gyrA_S83L,parC_S80I",216
ISO_0071_Ampicillin,ISO_0071,Low,gyrA,-6.59,0.7362,"gyrA,parC,blaTEM","gyrA_S83L,parC_S80I",216
ISO_0071_Tetracycline,ISO_0071,Low,gyrA,-6.44,0.7145,"gyrA,parC,blaTEM","gyrA_S83L,parC_S80I",216
ISO_0072_Ciprofloxacin,ISO_0072,Medium,gyrA,-6.54,0.6996,"gyrA,parC,blaTEM,tetA",gyrA_S83L,216
ISO_0072_Levofloxacin,ISO_0072,Medium,gyrA,-6.61,0.7101,"gyrA,parC,blaTEM,tetA",gyrA_S83L,216
ISO_0072_Ampicillin,ISO_0072,High,gyrA,-6.51,0.6963,"gyrA,parC,blaTEM,tetA",gyrA_S83L,216
ISO_0072_Tetracycline,ISO_0072,High,gyrA,-6.44,0.6863,"gyrA,parC,blaTEM,tetA",gyrA_S83L,216
ISO_0073_Ciprofloxacin,ISO_0073,High,gyrA,-6.91,0.8122,"gyrA,parC,tetA","gyrA_S83L,parC_S80I,parC_E84K",216
ISO_0073_Levofloxacin,ISO_0073,Medium,gyrA,-6.84,0.8014,"gyrA,parC,tetA","gyrA_S83L,parC_S80I,parC_E84K",216
ISO_0073_Ampicillin,ISO_0073,Low,gyrA,-6.63,0.7715,"gyrA,parC,tetA","gyrA_S83L,parC_S80I,parC_E84K",216
ISO_0073_Tetracycline,ISO_0073,Sensitive,gyrA,-6.53,0.7573,"gyrA,parC,tetA","gyrA_S83L,parC_S80I,parC_E84K",216
ISO_0074_Ciprofloxacin,ISO_0074,High,gyrA,-6.89,0.8101,"gyrA,parC,blaTEM,tetA","gyrA_S83L,gyrA_D87N,parC_S80I",216
ISO_0074_Levofloxacin,ISO_0074,High,gyrA,-6.86,0.8045,"gyrA,parC,blaTEM,tetA","gyrA_S83L,gyrA_D87N,parC_S80I",216
ISO_0074_Ampicillin,ISO_0074,Sensitive,gyrA,-6.55,0.7607,"gyrA,parC,blaTEM,tetA","gyrA_S83L,gyrA_D87N,parC_S80I",216
ISO_0074_Tetracycline,ISO_0074,Medium,gyrA,-6.45,0.7452,"gyrA,parC,blaTEM,tetA","gyrA_S83L,gyrA_D87N,parC_S80I",216
ISO_0075_Ciprofloxacin,ISO_0075,Low,gyrA,-6.18,0.6189,"gyrA,parC,blaTEM",No_mutation,216
ISO_0075_Levofloxacin,ISO_0075,Low,gyrA,-6.29,0.6347,"gyrA,parC,blaTEM",No_mutation,216
ISO_0075_Ampicillin,ISO_0075,Low,gyrA,-6.38,0.6476,"gyrA,parC,blaTEM",No_mutation,216
ISO_0075_Tetracycline,ISO_0075,Sensitive,gyrA,-6.33,0.6401,"gyrA,parC,blaTEM",No_mutation,216
ISO_0076_Ciprofloxacin,ISO_0076,Low,gyrA,-6.29,0.6358,"gyrA,parC,tetA",No_mutation,216
ISO_0076_Levofloxacin,ISO_0076,Low,gyrA,-6.22,0.6249,"gyrA,parC,tetA",No_mutation,216
ISO_0076_Ampicillin,ISO_0076,Low,gyrA,-6.34,0.6424,"gyrA,parC,tetA",No_mutation,216
ISO_0076_Tetracycline,ISO_0076,High,gyrA,-6.28,0.6334,"gyrA,parC,tetA",No_mutation,216
ISO_0077_Ciprofloxacin,ISO_0077,Low,gyrA,-6.28,0.6332,"gyrA,parC,tetA",No_mutation,216
ISO_0077_Levofloxacin,ISO_0077,Sensitive,gyrA,-6.12,0.6104,"gyrA,parC,tetA",No_mutation,216
ISO_0077_Ampicillin,ISO_0077,Low,gyrA,-6.47,0.6616,"gyrA,parC,tetA",No_mutation,216
ISO_0077_Tetracycline,ISO_0077,Low,gyrA,-6.34,0.6421,"gyrA,parC,tetA",No_mutation,216
ISO_0078_Ciprofloxacin,ISO_0078,Low,gyrA,-6.19,0.62,"gyrA,parC,tetA",No_mutation,216
ISO_0078_Levofloxacin,ISO_0078,Sensitive,gyrA,-6.07,0.6037,"gyrA,parC,tetA",No_mutation,216
ISO_0078_Ampicillin,ISO_0078,Low,gyrA,-6.38,0.6483,"gyrA,parC,tetA",No_mutation,216
ISO_0078_Tetracycline,ISO_0078,Low,gyrA,-6.28,0.634,"gyrA,parC,tetA",No_mutation,216
ISO_0079_Ciprofloxacin,ISO_0079,Low,gyrA,-6.12,0.6107,"gyrA,parC,blaTEM",No_mutation,216
ISO_0079_Levofloxacin,ISO_0079,Sensitive,gyrA,-6.2,0.6217,"gyrA,parC,blaTEM",No_mutation,216
ISO_0079_Ampicillin,ISO_0079,Low,gyrA,-6.43,0.6556,"gyrA,parC,blaTEM",No_mutation,216
ISO_0079_Tetracycline,ISO_0079,Low,gyrA,-6.3,0.6359,"gyrA,parC,blaTEM",No_mutation,216
ISO_0080_Ciprofloxacin,ISO_0080,Low,gyrA,-6.25,0.6289,"gyrA,parC",No_mutation,216
ISO_0080_Levofloxacin,ISO_0080,Sensitive,gyrA,-6.18,0.6192,"gyrA,parC",No_mutation,216
ISO_0080_Ampicillin,ISO_0080,Sensitive,gyrA,-6.41,0.6522,"gyrA,parC",No_mutation,216
ISO_0080_Tetracycline,ISO_0080,Low,gyrA,-6.31,0.6384,"gyrA,parC",No_mutation,216
ISO_0081_Ciprofloxacin,ISO_0081,High,gyrA,-6.96,0.8198,"gyrA,parC,tetA","gyrA_S83L,gyrA_D87N,parC_S80I",216
ISO_0081_Levofloxacin,ISO_0081,High,gyrA,-6.89,0.8089,"gyrA,parC,tetA","gyrA_S83L,gyrA_D87N,parC_S80I",216
ISO_0081_Ampicillin,ISO_0081,Sensitive,gyrA,-6.5,0.7521,"gyrA,parC,tetA","gyrA_S83L,gyrA_D87N,parC_S80I",216
ISO_0081_Tetracycline,ISO_0081,Medium,gyrA,-6.55,0.7597,"gyrA,parC,tetA","gyrA_S83L,gyrA_D87N,parC_S80I",216
ISO_0082_Ciprofloxacin,ISO_0082,Low,gyrA,-6.43,0.6849,"gyrA,parC,blaTEM,tetA",gyrA_S83L,216
ISO_0082_Levofloxacin,ISO_0082,Medium,gyrA,-6.53,0.6982,"gyrA,parC,blaTEM,tetA",gyrA_S83L,216
ISO_0082_Ampicillin,ISO_0082,Medium,gyrA,-6.36,0.6745,"gyrA,parC,blaTEM,tetA",gyrA_S83L,216
ISO_0082_Tetracycline,ISO_0082,Medium,gyrA,-6.39,0.6788,"gyrA,parC,blaTEM,tetA",gyrA_S83L,216
ISO_0083_Ciprofloxacin,ISO_0083,Low,gyrA,-6.51,0.6958,"gyrA,parC,blaTEM,tetA",gyrA_S83L,216
ISO_0083_Levofloxacin,ISO_0083,Low,gyrA,-6.54,0.7003,"gyrA,parC,blaTEM,tetA",gyrA_S83L,216
ISO_0083_Ampicillin,ISO_0083,Medium,gyrA,-6.4,0.6797,"gyrA,parC,blaTEM,tetA",gyrA_S83L,216
ISO_0083_Tetracycline,ISO_0083,Low,gyrA,-6.33,0.6691,"gyrA,parC,blaTEM,tetA",gyrA_S83L,216
ISO_0084_Ciprofloxacin,ISO_0084,Medium,gyrA,-6.75,0.7594,"gyrA,parC,blaTEM","gyrA_S83L,parC_S80I",216
ISO_0084_Levofloxacin,ISO_0084,Medium,gyrA,-6.75,0.7593,"gyrA,parC,blaTEM","gyrA_S83L,parC_S80I",216
ISO_0084_Ampicillin,ISO_0084,Low,gyrA,-6.46,0.7179,"gyrA,parC,blaTEM","gyrA_S83L,parC_S80I",216
ISO_0084_Tetracycline,ISO_0084,Low,gyrA,-6.54,0.7296,"gyrA,parC,blaTEM","gyrA_S83L,parC_S80I",216
ISO_0085_Ciprofloxacin,ISO_0085,High,gyrA,-6.8,0.7675,"gyrA,parC,blaTEM","gyrA_S83L,parC_S80I",216
ISO_0085_Levofloxacin,ISO_0085,Medium,gyrA,-6.74,0.7587,"gyrA,parC,blaTEM","gyrA_S83L,parC_S80I",216
ISO_0085_Ampicillin,ISO_0085,Low,gyrA,-6.43,0.7137,"gyrA,parC,blaTEM","gyrA_S83L,parC_S80I",216
ISO_0085_Tetracycline,ISO_0085,Low,gyrA,-6.43,0.7139,"gyrA,parC,blaTEM","gyrA_S83L,parC_S80I",216
ISO_0086_Ciprofloxacin,ISO_0086,Sensitive,gyrA,-6.18,0.619,"gyrA,parC,blaTEM",No_mutation,216
ISO_0086_Levofloxacin,ISO_0086,Low,gyrA,-6.33,0.6403,"gyrA,parC,blaTEM",No_mutation,216
ISO_0086_Ampicillin,ISO_0086,Medium,gyrA,-6.31,0.6378,"gyrA,parC,blaTEM",No_mutation,216
ISO_0086_Tetracycline,ISO_0086,Sensitive,gyrA,-6.27,0.6315,"gyrA,parC,blaTEM",No_mutation,216
ISO_0087_Ciprofloxacin,ISO_0087,Sensitive,gyrA,-6.14,0.613,"gyrA,parC,blaTEM",No_mutation,216
ISO_0087_Levofloxacin,ISO_0087,Sensitive,gyrA,-6.23,0.6263,"gyrA,parC,blaTEM",No_mutation,216
ISO_0087_Ampicillin,ISO_0087,Sensitive,gyrA,-6.28,0.6341,"gyrA,parC,blaTEM",No_mutation,216
ISO_0087_Tetracycline,ISO_0087,Low,gyrA,-6.3,0.637,"gyrA,parC,blaTEM",No_mutation,216
ISO_0088_Ciprofloxacin,ISO_0088,Low,gyrA,-6.13,0.6121,"gyrA,parC,tetA",No_mutation,216
ISO_0088_Levofloxacin,ISO_0088,Low,gyrA,-6.22,0.6242,"gyrA,parC,tetA",No_mutation,216
ISO_0088_Ampicillin,ISO_0088,Low,gyrA,-6.48,0.6619,"gyrA,parC,tetA",No_mutation,216
ISO_0088_Tetracycline,ISO_0088,Medium,gyrA,-6.23,0.6262,"gyrA,parC,tetA",No_mutation,216
ISO_0089_Ciprofloxacin,ISO_0089,Medium,gyrA,-6.49,0.6936,"gyrA,parC,blaTEM,tetA",gyrA_S83L,216
ISO_0089_Levofloxacin,ISO_0089,Medium,gyrA,-6.62,0.7114,"gyrA,parC,blaTEM,tetA",gyrA_S83L,216
ISO_0089_Ampicillin,ISO_0089,Medium,gyrA,-6.33,0.67,"gyrA,parC,blaTEM,tetA",gyrA_S83L,216
ISO_0089_Tetracycline,ISO_0089,High,gyrA,-6.45,0.6877,"gyrA,parC,blaTEM,tetA",gyrA_S83L,216
ISO_0090_Ciprofloxacin,ISO_0090,Low,gyrA,-6.49,0.6932,"gyrA,parC,tetA",gyrA_S83L,216
ISO_0090_Levofloxacin,ISO_0090,Medium,gyrA,-6.6,0.7089,"gyrA,parC,tetA",gyrA_S83L,216
ISO_0090_Ampicillin,ISO_0090,Low,gyrA,-6.45,0.6867,"gyrA,parC,tetA",gyrA_S83L,216
ISO_0090_Tetracycline,ISO_0090,Low,gyrA,-6.48,0.6909,"gyrA,parC,tetA",gyrA_S83L,216
ISO_0091_Ciprofloxacin,ISO_0091,Low,gyrA,-6.23,0.6257,"gyrA,parC",No_mutation,216
ISO_0091_Levofloxacin,ISO_0091,Low,gyrA,-6.19,0.6208,"gyrA,parC",No_mutation,216
ISO_0091_Ampicillin,ISO_0091,Sensitive,gyrA,-6.33,0.6405,"gyrA,parC",No_mutation,216
ISO_0091_Tetracycline,ISO_0091,Low,gyrA,-6.24,0.6281,"gyrA,parC",No_mutation,216
ISO_0092_Ciprofloxacin,ISO_0092,Medium,gyrA,-6.67,0.7481,"gyrA,parC,blaTEM,tetA","gyrA_S83L,parC_S80I",216
ISO_0092_Levofloxacin,ISO_0092,Medium,gyrA,-6.73,0.7568,"gyrA,parC,blaTEM,tetA","gyrA_S83L,parC_S80I",216
ISO_0092_Ampicillin,ISO_0092,Medium,gyrA,-6.42,0.7116,"gyrA,parC,blaTEM,tetA","gyrA_S83L,parC_S80I",216
ISO_0092_Tetracycline,ISO_0092,Sensitive,gyrA,-6.38,0.7061,"gyrA,parC,blaTEM,tetA","gyrA_S83L,parC_S80I",216
ISO_0093_Ciprofloxacin,ISO_0093,High,gyrA,-6.93,0.8154,"gyrA,parC,tetA","gyrA_S83L,gyrA_D87N,parC_S80I",216
ISO_0093_Levofloxacin,ISO_0093,High,gyrA,-6.83,0.8001,"gyrA,parC,tetA","gyrA_S83L,gyrA_D87N,parC_S80I",216
ISO_0093_Ampicillin,ISO_0093,Low,gyrA,-6.62,0.7707,"gyrA,parC,tetA","gyrA_S83L,gyrA_D87N,parC_S80I",216
ISO_0093_Tetracycline,ISO_0093,High,gyrA,-6.56,0.7611,"gyrA,parC,tetA","gyrA_S83L,gyrA_D87N,parC_S80I",216
ISO_0094_Ciprofloxacin,ISO_0094,Sensitive,gyrA,-6.16,0.6157,"gyrA,parC,blaTEM",No_mutation,216
ISO_0094_Levofloxacin,ISO_0094,Sensitive,gyrA,-6.16,0.6157,"gyrA,parC,blaTEM",No_mutation,216
ISO_0094_Ampicillin,ISO_0094,Medium,gyrA,-6.34,0.642,"gyrA,parC,blaTEM",No_mutation,216
ISO_0094_Tetracycline,ISO_0094,Low,gyrA,-6.26,0.6304,"gyrA,parC,blaTEM",No_mutation,216
ISO_0095_Ciprofloxacin,ISO_0095,Low,gyrA,-6.21,0.6227,"gyrA,parC,blaTEM",No_mutation,216
ISO_0095_Levofloxacin,ISO_0095,Sensitive,gyrA,-6.27,0.6327,"gyrA,parC,blaTEM",No_mutation,216
ISO_0095_Ampicillin,ISO_0095,Medium,gyrA,-6.33,0.6407,"gyrA,parC,blaTEM",No_mutation,216
ISO_0095_Tetracycline,ISO_0095,Sensitive,gyrA,-6.24,0.627,"gyrA,parC,blaTEM",No_mutation,216
ISO_0096_Ciprofloxacin,ISO_0096,Medium,gyrA,-6.51,0.6954,"gyrA,parC",gyrA_S83L,216
ISO_0096_Levofloxacin,ISO_0096,Low,gyrA,-6.51,0.6961,"gyrA,parC",gyrA_S83L,216
ISO_0096_Ampicillin,ISO_0096,Low,gyrA,-6.44,0.6851,"gyrA,parC",gyrA_S83L,216
ISO_0096_Tetracycline,ISO_0096,Low,gyrA,-6.33,0.6704,"gyrA,parC",gyrA_S83L,216
ISO_0097_Ciprofloxacin,ISO_0097,High,gyrA,-6.81,0.7683,"gyrA,parC,blaTEM,tetA","gyrA_S83L,parC_S80I",216
ISO_0097_Levofloxacin,ISO_0097,Medium,gyrA,-6.73,0.7565,"gyrA,parC,blaTEM,tetA","gyrA_S83L,parC_S80I",216
ISO_0097_Ampicillin,ISO_0097,Medium,gyrA,-6.53,0.728,"gyrA,parC,blaTEM,tetA","gyrA_S83L,parC_S80I",216
ISO_0097_Tetracycline,ISO_0097,Sensitive,gyrA,-6.4,0.7091,"gyrA,parC,blaTEM,tetA","gyrA_S83L,parC_S80I",216
ISO_0098_Ciprofloxacin,ISO_0098,Low,gyrA,-6.25,0.6285,"gyrA,parC,blaTEM,tetA",No_mutation,216
ISO_0098_Levofloxacin,ISO_0098,Low,gyrA,-6.35,0.6432,"gyrA,parC,blaTEM,tetA",No_mutation,216
ISO_0098_Ampicillin,ISO_0098,Medium,gyrA,-6.44,0.6563,"gyrA,parC,blaTEM,tetA",No_mutation,216
ISO_0098_Tetracycline,ISO_0098,Medium,gyrA,-6.33,0.6415,"gyrA,parC,blaTEM,tetA",No_mutation,216
ISO_0099_Ciprofloxacin,ISO_0099,High,gyrA,-6.83,0.8011,"gyrA,parC,blaTEM,tetA","gyrA_S83L,parC_S80I,parC_E84K",216
ISO_0099_Levofloxacin,ISO_0099,High,gyrA,-6.87,0.8066,"gyrA,parC,blaTEM,tetA","gyrA_S83L,parC_S80I,parC_E84K",216
ISO_0099_Ampicillin,ISO_0099,High,gyrA,-6.67,0.778,"gyrA,parC,blaTEM,tetA","gyrA_S83L,parC_S80I,parC_E84K",216
ISO_0099_Tetracycline,ISO_0099,Medium,gyrA,-6.6,0.7676,"gyrA,parC,blaTEM,tetA","gyrA_S83L,parC_S80I,parC_E84K",216
ISO_0100_Ciprofloxacin,ISO_0100,Medium,gyrA,-6.67,0.7478,"gyrA,parC,tetA","gyrA_S83L,parC_S80I",216
ISO_0100_Levofloxacin,ISO_0100,Medium,gyrA,-6.74,0.7588,"gyrA,parC,tetA","gyrA_S83L,parC_S80I",216
ISO_0100_Ampicillin,ISO_0100,Low,gyrA,-6.54,0.7299,"gyrA,parC,tetA","gyrA_S83L,parC_S80I",216
ISO_0100_Tetracycline,ISO_0100,Low,gyrA,-6.41,0.7107,"gyrA,parC,tetA","gyrA_S83L,parC_S80I",216
ISO_0101_Ciprofloxacin,ISO_0101,Medium,gyrA,-6.47,0.6907,"gyrA,parC,blaTEM,tetA",gyrA_S83L,216
ISO_0101_Levofloxacin,ISO_0101,Medium,gyrA,-6.53,0.6983,"gyrA,parC,blaTEM,tetA",gyrA_S83L,216
ISO_0101_Ampicillin,ISO_0101,Sensitive,gyrA,-6.43,0.6843,"gyrA,parC,blaTEM,tetA",gyrA_S83L,216
ISO_0101_Tetracycline,ISO_0101,Low,gyrA,-6.45,0.6873,"gyrA,parC,blaTEM,tetA",gyrA_S83L,216
ISO_0102_Ciprofloxacin,ISO_0102,Medium,gyrA,-6.7,0.7525,"gyrA,parC,blaTEM,tetA","gyrA_S83L,parC_S80I",216
ISO_0102_Levofloxacin,ISO_0102,Medium,gyrA,-6.7,0.7528,"gyrA,parC,blaTEM,tetA","gyrA_S83L,parC_S80I",216
ISO_0102_Ampicillin,ISO_0102,Medium,gyrA,-6.48,0.7206,"gyrA,parC,blaTEM,tetA","gyrA_S83L,parC_S80I",216
ISO_0102_Tetracycline,ISO_0102,Medium,gyrA,-6.49,0.7216,"gyrA,parC,blaTEM,tetA","gyrA_S83L,parC_S80I",216
ISO_0103_Ciprofloxacin,ISO_0103,High,gyrA,-7.01,0.8562,"gyrA,parC,blaTEM,tetA","gyrA_S83L,gyrA_D87N,parC_S80I,parC_E84K",216
ISO_0103_Levofloxacin,ISO_0103,High,gyrA,-7.12,0.8722,"gyrA,parC,blaTEM,tetA","gyrA_S83L,gyrA_D87N,parC_S80I,parC_E84K",216
ISO_0103_Ampicillin,ISO_0103,High,gyrA,-6.7,0.811,"gyrA,parC,blaTEM,tetA","gyrA_S83L,gyrA_D87N,parC_S80I,parC_E84K",216
ISO_0103_Tetracycline,ISO_0103,Medium,gyrA,-6.56,0.7905,"gyrA,parC,blaTEM,tetA","gyrA_S83L,gyrA_D87N,parC_S80I,parC_E84K",216
ISO_0104_Ciprofloxacin,ISO_0104,High,gyrA,-6.73,0.7566,"gyrA,parC","gyrA_S83L,parC_S80I",216
ISO_0104_Levofloxacin,ISO_0104,High,gyrA,-6.85,0.7742,"gyrA,parC","gyrA_S83L,parC_S80I",216
ISO_0104_Ampicillin,ISO_0104,Low,gyrA,-6.61,0.7389,"gyrA,parC","gyrA_S83L,parC_S80I",216
ISO_0104_Tetracycline,ISO_0104,Low,gyrA,-6.42,0.7117,"gyrA,parC","gyrA_S83L,parC_S80I",216
ISO_0105_Ciprofloxacin,ISO_0105,Low,gyrA,-6.21,0.6233,"gyrA,parC,blaTEM,tetA",No_mutation,216
ISO_0105_Levofloxacin,ISO_0105,Sensitive,gyrA,-6.13,0.612,"gyrA,parC,blaTEM,tetA",No_mutation,216
ISO_0105_Ampicillin,ISO_0105,Low,gyrA,-6.4,0.6513,"gyrA,parC,blaTEM,tetA",No_mutation,216
ISO_0105_Tetracycline,ISO_0105,Medium,gyrA,-6.31,0.6385,"gyrA,parC,blaTEM,tetA",No_mutation,216
ISO_0106_Ciprofloxacin,ISO_0106,Low,gyrA,-6.16,0.6167,"gyrA,parC",No_mutation,216
ISO_0106_Levofloxacin,ISO_0106,Sensitive,gyrA,-6.18,0.619,"gyrA,parC",No_mutation,216
ISO_0106_Ampicillin,ISO_0106,Sensitive,gyrA,-6.31,0.6384,"gyrA,parC",No_mutation,216
ISO_0106_Tetracycline,ISO_0106,Low,gyrA,-6.3,0.6363,"gyrA,parC",No_mutation,216
ISO_0107_Ciprofloxacin,ISO_0107,Low,gyrA,-6.31,0.6382,"gyrA,parC,blaTEM",No_mutation,216
ISO_0107_Levofloxacin,ISO_0107,Low,gyrA,-6.23,0.6257,"gyrA,parC,blaTEM",No_mutation,216
ISO_0107_Ampicillin,ISO_0107,High,gyrA,-6.42,0.6534,"gyrA,parC,blaTEM",No_mutation,216
ISO_0107_Tetracycline,ISO_0107,Low,gyrA,-6.34,0.6417,"gyrA,parC,blaTEM",No_mutation,216
ISO_0108_Ciprofloxacin,ISO_0108,Low,gyrA,-6.17,0.6177,"gyrA,parC,tetA",No_mutation,216
ISO_0108_Levofloxacin,ISO_0108,Low,gyrA,-6.2,0.6219,"gyrA,parC,tetA",No_mutation,216
ISO_0108_Ampicillin,ISO_0108,Low,gyrA,-6.38,0.6487,"gyrA,parC,tetA",No_mutation,216
ISO_0108_Tetracycline,ISO_0108,Low,gyrA,-6.45,0.6576,"gyrA,parC,tetA",No_mutation,216
ISO_0109_Ciprofloxacin,ISO_0109,High,gyrA,-6.82,0.7706,"gyrA,parC,blaTEM,tetA","gyrA_S83L,parC_S80I",216
ISO_0109_Levofloxacin,ISO_0109,Medium,gyrA,-6.77,0.7626,"gyrA,parC,blaTEM,tetA","gyrA_S83L,parC_S80I",216
ISO_0109_Ampicillin,ISO_0109,Low,gyrA,-6.57,0.7342,"gyrA,parC,blaTEM,tetA","gyrA_S83L,parC_S80I",216
ISO_0109_Tetracycline,ISO_0109,Low,gyrA,-6.55,0.7314,"gyrA,parC,blaTEM,tetA","gyrA_S83L,parC_S80I",216
ISO_0110_Ciprofloxacin,ISO_0110,High,gyrA,-6.82,0.7995,"gyrA,parC","gyrA_S83L,parC_S80I,parC_E84K",216
ISO_0110_Levofloxacin,ISO_0110,High,gyrA,-6.93,0.8158,"gyrA,parC","gyrA_S83L,parC_S80I,parC_E84K",216
ISO_0110_Ampicillin,ISO_0110,Low,gyrA,-6.52,0.7549,"gyrA,parC","gyrA_S83L,parC_S80I,parC_E84K",216
ISO_0110_Tetracycline,ISO_0110,Sensitive,gyrA,-6.42,0.7417,"gyrA,parC","gyrA_S83L,parC_S80I,parC_E84K",216
ISO_0111_Ciprofloxacin,ISO_0111,Sensitive,gyrA,-6.18,0.6188,"gyrA,parC,blaTEM",No_mutation,216
ISO_0111_Levofloxacin,ISO_0111,Sensitive,gyrA,-6.21,0.6228,"gyrA,parC,blaTEM",No_mutation,216
ISO_0111_Ampicillin,ISO_0111,Medium,gyrA,-6.29,0.6356,"gyrA,parC,blaTEM",No_mutation,216
ISO_0111_Tetracycline,ISO_0111,Sensitive,gyrA,-6.29,0.6352,"gyrA,parC,blaTEM",No_mutation,216
ISO_0112_Ciprofloxacin,ISO_0112,High,gyrA,-6.88,0.808,"gyrA,parC,blaTEM,tetA","gyrA_S83L,parC_S80I,parC_E84K",216
ISO_0112_Levofloxacin,ISO_0112,Medium,gyrA,-6.8,0.7966,"gyrA,parC,blaTEM,tetA","gyrA_S83L,parC_S80I,parC_E84K",216
ISO_0112_Ampicillin,ISO_0112,High,gyrA,-6.6,0.7673,"gyrA,parC,blaTEM,tetA","gyrA_S83L,parC_S80I,parC_E84K",216
ISO_0112_Tetracycline,ISO_0112,Medium,gyrA,-6.56,0.7621,"gyrA,parC,blaTEM,tetA","gyrA_S83L,parC_S80I,parC_E84K",216
ISO_0113_Ciprofloxacin,ISO_0113,High,gyrA,-6.7,0.7527,"gyrA,parC,tetA","gyrA_S83L,parC_S80I",216
ISO_0113_Levofloxacin,ISO_0113,Medium,gyrA,-6.72,0.7555,"gyrA,parC,tetA","gyrA_S83L,parC_S80I",216
ISO_0113_Ampicillin,ISO_0113,Low,gyrA,-6.58,0.7348,"gyrA,parC,tetA","gyrA_S83L,parC_S80I",216
ISO_0113_Tetracycline,ISO_0113,Sensitive,gyrA,-6.42,0.7112,"gyrA,parC,tetA","gyrA_S83L,parC_S80I",216
ISO_0114_Ciprofloxacin,ISO_0114,Low,gyrA,-6.23,0.626,"gyrA,parC,blaTEM,tetA",No_mutation,216
ISO_0114_Levofloxacin,ISO_0114,Sensitive,gyrA,-6.23,0.6262,"gyrA,parC,blaTEM,tetA",No_mutation,216
ISO_0114_Ampicillin,ISO_0114,Medium,gyrA,-6.33,0.6411,"gyrA,parC,blaTEM,tetA",No_mutation,216
ISO_0114_Tetracycline,ISO_0114,Low,gyrA,-6.29,0.6352,"gyrA,parC,blaTEM,tetA",No_mutation,216
ISO_0115_Ciprofloxacin,ISO_0115,High,gyrA,-6.77,0.7634,"gyrA,parC,blaTEM","gyrA_S83L,parC_S80I",216
ISO_0115_Levofloxacin,ISO_0115,Medium,gyrA,-6.75,0.7596,"gyrA,parC,blaTEM","gyrA_S83L,parC_S80I",216
ISO_0115_Ampicillin,ISO_0115,Sensitive,gyrA,-6.51,0.7248,"gyrA,parC,blaTEM","gyrA_S83L,parC_S80I",216
ISO_0115_Tetracycline,ISO_0115,Low,gyrA,-6.49,0.7214,"gyrA,parC,blaTEM","gyrA_S83L,parC_S80I",216
ISO_0116_Ciprofloxacin,ISO_0116,High,gyrA,-6.87,0.8071,"gyrA,parC,blaTEM,tetA","gyrA_S83L,gyrA_D87N,parC_S80I",216
ISO_0116_Levofloxacin,ISO_0116,High,gyrA,-6.94,0.8171,"gyrA,parC,blaTEM,tetA","gyrA_S83L,gyrA_D87N,parC_S80I",216
ISO_0116_Ampicillin,ISO_0116,Low,gyrA,-6.61,0.7681,"gyrA,parC,blaTEM,tetA","gyrA_S83L,gyrA_D87N,parC_S80I",216
ISO_0116_Tetracycline,ISO_0116,Medium,gyrA,-6.56,0.7607,"gyrA,parC,blaTEM,tetA","gyrA_S83L,gyrA_D87N,parC_S80I",216
ISO_0117_Ciprofloxacin,ISO_0117,Medium,gyrA,-6.82,0.7702,"gyrA,parC,tetA","gyrA_S83L,parC_S80I",216
ISO_0117_Levofloxacin,ISO_0117,Medium,gyrA,-6.79,0.7652,"gyrA,parC,tetA","gyrA_S83L,parC_S80I",216
ISO_0117_Ampicillin,ISO_0117,Sensitive,gyrA,-6.42,0.7123,"gyrA,parC,tetA","gyrA_S83L,parC_S80I",216
ISO_0117_Tetracycline,ISO_0117,High,gyrA,-6.59,0.7362,"gyrA,parC,tetA","gyrA_S83L,parC_S80I",216
ISO_0118_Ciprofloxacin,ISO_0118,High,gyrA,-6.88,0.8082,"gyrA,parC","gyrA_S83L,parC_S80I,parC_E84K",216
ISO_0118_Levofloxacin,ISO_0118,High,gyrA,-6.86,0.805,"gyrA,parC","gyrA_S83L,parC_S80I,parC_E84K",216
ISO_0118_Ampicillin,ISO_0118,Low,gyrA,-6.62,0.7694,"gyrA,parC","gyrA_S83L,parC_S80I,parC_E84K",216
ISO_0118_Tetracycline,ISO_0118,Low,gyrA,-6.54,0.7578,"gyrA,parC","gyrA_S83L,parC_S80I,parC_E84K",216
ISO_0119_Ciprofloxacin,ISO_0119,High,gyrA,-6.77,0.7625,"gyrA,parC,blaTEM,tetA","gyrA_S83L,parC_S80I",216
ISO_0119_Levofloxacin,ISO_0119,Medium,gyrA,-6.75,0.7599,"gyrA,parC,blaTEM,tetA","gyrA_S83L,parC_S80I",216
ISO_0119_Ampicillin,ISO_0119,Sensitive,gyrA,-6.5,0.7229,"gyrA,parC,blaTEM,tetA","gyrA_S83L,parC_S80I",216
ISO_0119_Tetracycline,ISO_0119,Medium,gyrA,-6.57,0.7338,"gyrA,parC,blaTEM,tetA","gyrA_S83L,parC_S80I",216
ISO_0120_Ciprofloxacin,ISO_0120,Low,gyrA,-6.14,0.6137,"gyrA,parC,blaTEM,tetA",No_mutation,216
ISO_0120_Levofloxacin,ISO_0120,Sensitive,gyrA,-6.26,0.631,"gyrA,parC,blaTEM,tetA",No_mutation,216
ISO_0120_Ampicillin,ISO_0120,Low,gyrA,-6.47,0.6606,"gyrA,parC,blaTEM,tetA",No_mutation,216
ISO_0120_Tetracycline,ISO_0120,High,gyrA,-6.32,0.6398,"gyrA,parC,blaTEM,tetA",No_mutation,216
ISO_0121_Ciprofloxacin,ISO_0121,Medium,gyrA,-6.48,0.6917,"gyrA,parC,blaTEM,tetA",gyrA_S83L,216
ISO_0121_Levofloxacin,ISO_0121,Medium,gyrA,-6.63,0.7127,"gyrA,parC,blaTEM,tetA",gyrA_S83L,216
ISO_0121_Ampicillin,ISO_0121,Low,gyrA,-6.46,0.6882,"gyrA,parC,blaTEM,tetA",gyrA_S83L,216
ISO_0121_Tetracycline,ISO_0121,Medium,gyrA,-6.34,0.6712,"gyrA,parC,blaTEM,tetA",gyrA_S83L,216
ISO_0122_Ciprofloxacin,ISO_0122,High,gyrA,-6.89,0.8089,"gyrA,parC,blaTEM","gyrA_S83L,gyrA_D87N,parC_S80I",216
ISO_0122_Levofloxacin,ISO_0122,High,gyrA,-6.87,0.806,"gyrA,parC,blaTEM","gyrA_S83L,gyrA_D87N,parC_S80I",216
ISO_0122_Ampicillin,ISO_0122,Medium,gyrA,-6.6,0.7669,"gyrA,parC,blaTEM","gyrA_S83L,gyrA_D87N,parC_S80I",216
ISO_0122_Tetracycline,ISO_0122,Low,gyrA,-6.5,0.7533,"gyrA,parC,blaTEM","gyrA_S83L,gyrA_D87N,parC_S80I",216
ISO_0123_Ciprofloxacin,ISO_0123,Medium,gyrA,-6.67,0.7487,"gyrA,parC,tetA","gyrA_S83L,parC_S80I",216
ISO_0123_Levofloxacin,ISO_0123,Medium,gyrA,-6.73,0.7577,"gyrA,parC,tetA","gyrA_S83L,parC_S80I",216
ISO_0123_Ampicillin,ISO_0123,Sensitive,gyrA,-6.42,0.7123,"gyrA,parC,tetA","gyrA_S83L,parC_S80I",216
ISO_0123_Tetracycline,ISO_0123,Medium,gyrA,-6.44,0.7143,"gyrA,parC,tetA","gyrA_S83L,parC_S80I",216
ISO_0124_Ciprofloxacin,ISO_0124,High,gyrA,-6.77,0.7629,"gyrA,parC","gyrA_S83L,parC_S80I",216
ISO_0124_Levofloxacin,ISO_0124,Medium,gyrA,-6.8,0.7678,"gyrA,parC","gyrA_S83L,parC_S80I",216
ISO_0124_Ampicillin,ISO_0124,Low,gyrA,-6.61,0.7395,"gyrA,parC","gyrA_S83L,parC_S80I",216
ISO_0124_Tetracycline,ISO_0124,Sensitive,gyrA,-6.42,0.7124,"gyrA,parC","gyrA_S83L,parC_S80I",216
ISO_0125_Ciprofloxacin,ISO_0125,Low,gyrA,-6.24,0.6275,"gyrA,parC,blaTEM,tetA",No_mutation,216
ISO_0125_Levofloxacin,ISO_0125,Sensitive,gyrA,-6.17,0.6171,"gyrA,parC,blaTEM,tetA",No_mutation,216
ISO_0125_Ampicillin,ISO_0125,Sensitive,gyrA,-6.26,0.6313,"gyrA,parC,blaTEM,tetA",No_mutation,216
ISO_0125_Tetracycline,ISO_0125,Medium,gyrA,-6.3,0.6371,"gyrA,parC,blaTEM,tetA",No_mutation,216
ISO_0126_Ciprofloxacin,ISO_0126,Low,gyrA,-6.18,0.6196,"gyrA,parC,tetA",No_mutation,216
ISO_0126_Levofloxacin,ISO_0126,Low,gyrA,-6.25,0.6293,"gyrA,parC,tetA",No_mutation,216
ISO_0126_Ampicillin,ISO_0126,Sensitive,gyrA,-6.29,0.6351,"gyrA,parC,tetA",No_mutation,216
ISO_0126_Tetracycline,ISO_0126,Medium,gyrA,-6.32,0.6398,"gyrA,parC,tetA",No_mutation,216
ISO_0127_Ciprofloxacin,ISO_0127,High,gyrA,-7.15,0.8758,"gyrA,parC,blaTEM","gyrA_S83L,gyrA_D87N,parC_S80I,parC_E84K",216
ISO_0127_Levofloxacin,ISO_0127,High,gyrA,-7.06,0.8631,"gyrA,parC,blaTEM","gyrA_S83L,gyrA_D87N,parC_S80I,parC_E84K",216
ISO_0127_Ampicillin,ISO_0127,Low,gyrA,-6.72,0.814,"gyrA,parC,blaTEM","gyrA_S83L,gyrA_D87N,parC_S80I,parC_E84K",216
ISO_0127_Tetracycline,ISO_0127,Low,gyrA,-6.72,0.8139,"gyrA,parC,blaTEM","gyrA_S83L,gyrA_D87N,parC_S80I,parC_E84K",216
ISO_0128_Ciprofloxacin,ISO_0128,Medium,gyrA,-6.5,0.6941,"gyrA,parC,blaTEM,tetA",gyrA_S83L,216
ISO_0128_Levofloxacin,ISO_0128,Medium,gyrA,-6.67,0.7187,"gyrA,parC,blaTEM,tetA",gyrA_S83L,216
ISO_0128_Ampicillin,ISO_0128,Medium,gyrA,-6.35,0.6727,"gyrA,parC,blaTEM,tetA",gyrA_S83L,216
ISO_0128_Tetracycline,ISO_0128,Sensitive,gyrA,-6.34,0.6715,"gyrA,parC,blaTEM,tetA",gyrA_S83L,216
ISO_0129_Ciprofloxacin,ISO_0129,High,gyrA,-6.89,0.8094,"gyrA,parC,blaTEM,tetA","gyrA_S83L,gyrA_D87N,parC_S80I",216
ISO_0129_Levofloxacin,ISO_0129,High,gyrA,-6.95,0.8178,"gyrA,parC,blaTEM,tetA","gyrA_S83L,gyrA_D87N,parC_S80I",216
ISO_0129_Ampicillin,ISO_0129,Medium,gyrA,-6.67,0.7769,"gyrA,parC,blaTEM,tetA","gyrA_S83L,gyrA_D87N,parC_S80I",216
ISO_0129_Tetracycline,ISO_0129,Low,gyrA,-6.55,0.7596,"gyrA,parC,blaTEM,tetA","gyrA_S83L,gyrA_D87N,parC_S80I",216
ISO_0130_Ciprofloxacin,ISO_0130,Low,gyrA,-6.21,0.6236,"gyrA,parC",No_mutation,216
ISO_0130_Levofloxacin,ISO_0130,Sensitive,gyrA,-6.2,0.6222,"gyrA,parC",No_mutation,216
ISO_0130_Ampicillin,ISO_0130,Sensitive,gyrA,-6.3,0.6362,"gyrA,parC",No_mutation,216
ISO_0130_Tetracycline,ISO_0130,Sensitive,gyrA,-6.21,0.6241,"gyrA,parC",No_mutation,216
ISO_0131_Ciprofloxacin,ISO_0131,High,gyrA,-6.88,0.8081,"gyrA,parC,blaTEM,tetA","gyrA_S83L,parC_S80I,parC_E84K",216
ISO_0131_Levofloxacin,ISO_0131,Medium,gyrA,-6.87,0.8063,"gyrA,parC,blaTEM,tetA","gyrA_S83L,parC_S80I,parC_E84K",216
ISO_0131_Ampicillin,ISO_0131,Medium,gyrA,-6.49,0.7511,"gyrA,parC,blaTEM,tetA","gyrA_S83L,parC_S80I,parC_E84K",216
ISO_0131_Tetracycline,ISO_0131,Low,gyrA,-6.61,0.7687,"gyrA,parC,blaTEM,tetA","gyrA_S83L,parC_S80I,parC_E84K",216
ISO_0132_Ciprofloxacin,ISO_0132,High,gyrA,-6.82,0.7708,"gyrA,parC,blaTEM,tetA","gyrA_S83L,parC_S80I",216
ISO_0132_Levofloxacin,ISO_0132,Medium,gyrA,-6.74,0.7591,"gyrA,parC,blaTEM,tetA","gyrA_S83L,parC_S80I",216
ISO_0132_Ampicillin,ISO_0132,Sensitive,gyrA,-6.42,0.7119,"gyrA,parC,blaTEM,tetA","gyrA_S83L,parC_S80I",216
ISO_0132_Tetracycline,ISO_0132,Medium,gyrA,-6.54,0.7292,"gyrA,parC,blaTEM,tetA","gyrA_S83L,parC_S80I",216
ISO_0133_Ciprofloxacin,ISO_0133,Low,gyrA,-6.21,0.6235,"gyrA,parC,tetA",No_mutation,216
ISO_0133_Levofloxacin,ISO_0133,Sensitive,gyrA,-6.19,0.6212,"gyrA,parC,tetA",No_mutation,216
ISO_0133_Ampicillin,ISO_0133,Sensitive,gyrA,-6.38,0.6483,"gyrA,parC,tetA",No_mutation,216
ISO_0133_Tetracycline,ISO_0133,Medium,gyrA,-6.29,0.6351,"gyrA,parC,tetA",No_mutation,216
ISO_0134_Ciprofloxacin,ISO_0134,Sensitive,gyrA,-6.1,0.6072,"gyrA,parC,blaTEM,tetA",No_mutation,216
ISO_0134_Levofloxacin,ISO_0134,Sensitive,gyrA,-6.31,0.6384,"gyrA,parC,blaTEM,tetA",No_mutation,216
ISO_0134_Ampicillin,ISO_0134,Sensitive,gyrA,-6.35,0.6439,"gyrA,parC,blaTEM,tetA",No_mutation,216
ISO_0134_Tetracycline,ISO_0134,Medium,gyrA,-6.24,0.6276,"gyrA,parC,blaTEM,tetA",No_mutation,216
ISO_0135_Ciprofloxacin,ISO_0135,High,gyrA,-7.07,0.8646,"gyrA,parC,blaTEM,tetA","gyrA_S83L,gyrA_D87N,parC_S80I,parC_E84K",216
ISO_0135_Levofloxacin,ISO_0135,High,gyrA,-6.99,0.8537,"gyrA,parC,blaTEM,tetA","gyrA_S83L,gyrA_D87N,parC_S80I,parC_E84K",216
ISO_0135_Ampicillin,ISO_0135,High,gyrA,-6.67,0.806,"gyrA,parC,blaTEM,tetA","gyrA_S83L,gyrA_D87N,parC_S80I,parC_E84K",216
ISO_0135_Tetracycline,ISO_0135,High,gyrA,-6.68,0.8082,"gyrA,parC,blaTEM,tetA","gyrA_S83L,gyrA_D87N,parC_S80I,parC_E84K",216
ISO_0136_Ciprofloxacin,ISO_0136,Low,gyrA,-6.15,0.6145,"gyrA,parC,blaTEM",No_mutation,216
ISO_0136_Levofloxacin,ISO_0136,Sensitive,gyrA,-6.18,0.6193,"gyrA,parC,blaTEM",No_mutation,216
ISO_0136_Ampicillin,ISO_0136,High,gyrA,-6.43,0.6552,"gyrA,parC,blaTEM",No_mutation,216
ISO_0136_Tetracycline,ISO_0136,Sensitive,gyrA,-6.31,0.6381,"gyrA,parC,blaTEM",No_mutation,216
ISO_0137_Ciprofloxacin,ISO_0137,Low,gyrA,-6.27,0.6324,"gyrA,parC,blaTEM,tetA",No_mutation,216
ISO_0137_Levofloxacin,ISO_0137,Low,gyrA,-6.27,0.6325,"gyrA,parC,blaTEM,tetA",No_mutation,216
ISO_0137_Ampicillin,ISO_0137,Sensitive,gyrA,-6.26,0.6312,"gyrA,parC,blaTEM,tetA",No_mutation,216
ISO_0137_Tetracycline,ISO_0137,Sensitive,gyrA,-6.35,0.6444,"gyrA,parC,blaTEM,tetA",No_mutation,216
ISO_0138_Ciprofloxacin,ISO_0138,High,gyrA,-7.1,0.8684,"gyrA,parC,tetA","gyrA_S83L,gyrA_D87N,parC_S80I,parC_E84K",216
ISO_0138_Levofloxacin,ISO_0138,High,gyrA,-7.02,0.8576,"gyrA,parC,tetA","gyrA_S83L,gyrA_D87N,parC_S80I,parC_E84K",216
ISO_0138_Ampicillin,ISO_0138,Sensitive,gyrA,-6.7,0.8111,"gyrA,parC,tetA","gyrA_S83L,gyrA_D87N,parC_S80I,parC_E84K",216
ISO_0138_Tetracycline,ISO_0138,Low,gyrA,-6.7,0.8114,"gyrA,parC,tetA","gyrA_S83L,gyrA_D87N,parC_S80I,parC_E84K",216
ISO_0139_Ciprofloxacin,ISO_0139,High,gyrA,-6.98,0.8226,"gyrA,parC,tetA","gyrA_S83L,gyrA_D87N,parC_S80I",216
ISO_0139_Levofloxacin,ISO_0139,High,gyrA,-6.97,0.8207,"gyrA,parC,tetA","gyrA_S83L,gyrA_D87N,parC_S80I",216
ISO_0139_Ampicillin,ISO_0139,Low,gyrA,-6.54,0.7578,"gyrA,parC,tetA","gyrA_S83L,gyrA_D87N,parC_S80I",216
ISO_0139_Tetracycline,ISO_0139,Low,gyrA,-6.62,0.7701,"gyrA,parC,tetA","gyrA_S83L,gyrA_D87N,parC_S80I",216
ISO_0140_Ciprofloxacin,ISO_0140,Medium,gyrA,-6.45,0.6878,"gyrA,parC,blaTEM,tetA",gyrA_S83L,216
ISO_0140_Levofloxacin,ISO_0140,Low,gyrA,-6.44,0.6856,"gyrA,parC,blaTEM,tetA",gyrA_S83L,216
ISO_0140_Ampicillin,ISO_0140,Sensitive,gyrA,-6.39,0.6783,"gyrA,parC,blaTEM,tetA",gyrA_S83L,216
ISO_0140_Tetracycline,ISO_0140,Medium,gyrA,-6.46,0.689,"gyrA,parC,blaTEM,tetA",gyrA_S83L,216
ISO_0141_Ciprofloxacin,ISO_0141,Medium,gyrA,-6.67,0.7485,"gyrA,parC,tetA","gyrA_S83L,parC_S80I",216
ISO_0141_Levofloxacin,ISO_0141,Medium,gyrA,-6.82,0.77,"gyrA,parC,tetA","gyrA_S83L,parC_S80I",216
ISO_0141_Ampicillin,ISO_0141,Low,gyrA,-6.56,0.7317,"gyrA,parC,tetA","gyrA_S83L,parC_S80I",216
ISO_0141_Tetracycline,ISO_0141,Medium,gyrA,-6.41,0.7098,"gyrA,parC,tetA","gyrA_S83L,parC_S80I",216
ISO_0142_Ciprofloxacin,ISO_0142,Medium,gyrA,-6.66,0.7466,"gyrA,parC,blaTEM,tetA","gyrA_S83L,parC_S80I",216
ISO_0142_Levofloxacin,ISO_0142,Medium,gyrA,-6.72,0.7553,"gyrA,parC,blaTEM,tetA","gyrA_S83L,parC_S80I",216
ISO_0142_Ampicillin,ISO_0142,Low,gyrA,-6.53,0.728,"gyrA,parC,blaTEM,tetA","gyrA_S83L,parC_S80I",216
ISO_0142_Tetracycline,ISO_0142,Medium,gyrA,-6.4,0.7093,"gyrA,parC,blaTEM,tetA","gyrA_S83L,parC_S80I",216
ISO_0143_Ciprofloxacin,ISO_0143,High,gyrA,-7.01,0.8267,"gyrA,parC,blaTEM","gyrA_S83L,parC_S80I,parC_E84K",216
ISO_0143_Levofloxacin,ISO_0143,Medium,gyrA,-6.83,0.8009,"gyrA,parC,blaTEM","gyrA_S83L,parC_S80I,parC_E84K",216
ISO_0143_Ampicillin,ISO_0143,Low,gyrA,-6.57,0.763,"gyrA,parC,blaTEM","gyrA_S83L,parC_S80I,parC_E84K",216
ISO_0143_Tetracycline,ISO_0143,Low,gyrA,-6.63,0.7708,"gyrA,parC,blaTEM","gyrA_S83L,parC_S80I,parC_E84K",216
ISO_0144_Ciprofloxacin,ISO_0144,Medium,gyrA,-6.53,0.6982,"gyrA,parC,blaTEM,tetA",gyrA_S83L,216
ISO_0144_Levofloxacin,ISO_0144,Low,gyrA,-6.48,0.6912,"gyrA,parC,blaTEM,tetA",gyrA_S83L,216
ISO_0144_Ampicillin,ISO_0144,Low,gyrA,-6.42,0.6821,"gyrA,parC,blaTEM,tetA",gyrA_S83L,216
ISO_0144_Tetracycline,ISO_0144,High,gyrA,-6.49,0.6924,"gyrA,parC,blaTEM,tetA",gyrA_S83L,216
ISO_0145_Ciprofloxacin,ISO_0145,Medium,gyrA,-6.49,0.6933,"gyrA,parC,tetA",gyrA_S83L,216
ISO_0145_Levofloxacin,ISO_0145,Low,gyrA,-6.57,0.7052,"gyrA,parC,tetA",gyrA_S83L,216
ISO_0145_Ampicillin,ISO_0145,Sensitive,gyrA,-6.42,0.6826,"gyrA,parC,tetA",gyrA_S83L,216
ISO_0145_Tetracycline,ISO_0145,Medium,gyrA,-6.37,0.6756,"gyrA,parC,tetA",gyrA_S83L,216
ISO_0146_Ciprofloxacin,ISO_0146,Medium,gyrA,-6.7,0.7531,"gyrA,parC,blaTEM,tetA","gyrA_S83L,parC_S80I",216
ISO_0146_Levofloxacin,ISO_0146,Medium,gyrA,-6.64,0.7446,"gyrA,parC,blaTEM,tetA","gyrA_S83L,parC_S80I",216
ISO_0146_Ampicillin,ISO_0146,Medium,gyrA,-6.51,0.7256,"gyrA,parC,blaTEM,tetA","gyrA_S83L,parC_S80I",216
ISO_0146_Tetracycline,ISO_0146,Sensitive,gyrA,-6.37,0.7047,"gyrA,parC,blaTEM,tetA","gyrA_S83L,parC_S80I",216
ISO_0147_Ciprofloxacin,ISO_0147,High,gyrA,-7.07,0.8647,"gyrA,parC,blaTEM,tetA","gyrA_S83L,gyrA_D87N,parC_S80I,parC_E84K",216
ISO_0147_Levofloxacin,ISO_0147,High,gyrA,-7.04,0.8599,"gyrA,parC,blaTEM,tetA","gyrA_S83L,gyrA_D87N,parC_S80I,parC_E84K",216
ISO_0147_Ampicillin,ISO_0147,Sensitive,gyrA,-6.63,0.8001,"gyrA,parC,blaTEM,tetA","gyrA_S83L,gyrA_D87N,parC_S80I,parC_E84K",216
ISO_0147_Tetracycline,ISO_0147,Sensitive,gyrA,-6.64,0.8014,"gyrA,parC,blaTEM,tetA","gyrA_S83L,gyrA_D87N,parC_S80I,parC_E84K",216
ISO_0148_Ciprofloxacin,ISO_0148,Medium,gyrA,-6.48,0.6909,"gyrA,parC,blaTEM,tetA",gyrA_S83L,216
ISO_0148_Levofloxacin,ISO_0148,Low,gyrA,-6.56,0.7038,"gyrA,parC,blaTEM,tetA",gyrA_S83L,216
ISO_0148_Ampicillin,ISO_0148,Medium,gyrA,-6.39,0.6788,"gyrA,parC,blaTEM,tetA",gyrA_S83L,216
ISO_0148_Tetracycline,ISO_0148,Medium,gyrA,-6.34,0.6712,"gyrA,parC,blaTEM,tetA",gyrA_S83L,216
ISO_0149_Ciprofloxacin,ISO_0149,Medium,gyrA,-6.52,0.6973,"gyrA,parC,blaTEM,tetA",gyrA_S83L,216
ISO_0149_Levofloxacin,ISO_0149,Low,gyrA,-6.48,0.6915,"gyrA,parC,blaTEM,tetA",gyrA_S83L,216
ISO_0149_Ampicillin,ISO_0149,High,gyrA,-6.46,0.689,"gyrA,parC,blaTEM,tetA",gyrA_S83L,216
ISO_0149_Tetracycline,ISO_0149,Low,gyrA,-6.41,0.6819,"gyrA,parC,blaTEM,tetA",gyrA_S83L,216
ISO_0150_Ciprofloxacin,ISO_0150,Medium,gyrA,-6.65,0.7451,"gyrA,parC","gyrA_S83L,parC_S80I",216
ISO_0150_Levofloxacin,ISO_0150,Medium,gyrA,-6.76,0.7611,"gyrA,parC","gyrA_S83L,parC_S80I",216
ISO_0150_Ampicillin,ISO_0150,Low,gyrA,-6.51,0.7249,"gyrA,parC","gyrA_S83L,parC_S80I",216
ISO_0150_Tetracycline,ISO_0150,Low,gyrA,-6.46,0.718,"gyrA,parC","gyrA_S83L,parC_S80I",216
ISO_0151_Ciprofloxacin,ISO_0151,Sensitive,gyrA,-6.19,0.6202,"gyrA,parC,blaTEM,tetA",No_mutation,216
ISO_0151_Levofloxacin,ISO_0151,Sensitive,gyrA,-6.18,0.6197,"gyrA,parC,blaTEM,tetA",No_mutation,216
ISO_0151_Ampicillin,ISO_0151,Medium,gyrA,-6.35,0.6431,"gyrA,parC,blaTEM,tetA",No_mutation,216
ISO_0151_Tetracycline,ISO_0151,Low,gyrA,-6.38,0.6475,"gyrA,parC,blaTEM,tetA",No_mutation,216
ISO_0152_Ciprofloxacin,ISO_0152,Sensitive,gyrA,-6.24,0.6283,"gyrA,parC,tetA",No_mutation,216
ISO_0152_Levofloxacin,ISO_0152,Sensitive,gyrA,-6.16,0.6154,"gyrA,parC,tetA",No_mutation,216
ISO_0152_Ampicillin,ISO_0152,Low,gyrA,-6.43,0.6553,"gyrA,parC,tetA",No_mutation,216
ISO_0152_Tetracycline,ISO_0152,Medium,gyrA,-6.28,0.633,"gyrA,parC,tetA",No_mutation,216
ISO_0153_Ciprofloxacin,ISO_0153,Medium,gyrA,-6.62,0.7414,"gyrA,parC,blaTEM,tetA","gyrA_S83L,parC_S80I",216
ISO_0153_Levofloxacin,ISO_0153,Medium,gyrA,-6.72,0.7549,"gyrA,parC,blaTEM,tetA","gyrA_S83L,parC_S80I",216
ISO_0153_Ampicillin,ISO_0153,Low,gyrA,-6.53,0.7272,"gyrA,parC,blaTEM,tetA","gyrA_S83L,parC_S80I",216
ISO_0153_Tetracycline,ISO_0153,Sensitive,gyrA,-6.41,0.7107,"gyrA,parC,blaTEM,tetA","gyrA_S83L,parC_S80I",216
ISO_0154_Ciprofloxacin,ISO_0154,High,gyrA,-7.15,0.8768,"gyrA,parC,blaTEM","gyrA_S83L,gyrA_D87N,parC_S80I,parC_E84K",216
ISO_0154_Levofloxacin,ISO_0154,High,gyrA,-7.04,0.8609,"gyrA,parC,blaTEM","gyrA_S83L,gyrA_D87N,parC_S80I,parC_E84K",216
ISO_0154_Ampicillin,ISO_0154,High,gyrA,-6.71,0.8122,"gyrA,parC,blaTEM","gyrA_S83L,gyrA_D87N,parC_S80I,parC_E84K",216
ISO_0154_Tetracycline,ISO_0154,Low,gyrA,-6.71,0.812,"gyrA,parC,blaTEM","gyrA_S83L,gyrA_D87N,parC_S80I,parC_E84K",216
ISO_0155_Ciprofloxacin,ISO_0155,Medium,gyrA,-6.48,0.6914,"gyrA,parC,tetA",gyrA_S83L,216
ISO_0155_Levofloxacin,ISO_0155,Medium,gyrA,-6.5,0.6943,"gyrA,parC,tetA",gyrA_S83L,216
ISO_0155_Ampicillin,ISO_0155,Low,gyrA,-6.41,0.681,"gyrA,parC,tetA",gyrA_S83L,216
ISO_0155_Tetracycline,ISO_0155,Medium,gyrA,-6.37,0.6757,"gyrA,parC,tetA",gyrA_S83L,216
ISO_0156_Ciprofloxacin,ISO_0156,Low,gyrA,-6.28,0.6337,"gyrA,parC,tetA",No_mutation,216
ISO_0156_Levofloxacin,ISO_0156,Sensitive,gyrA,-6.08,0.6046,"gyrA,parC,tetA",No_mutation,216
ISO_0156_Ampicillin,ISO_0156,Low,gyrA,-6.41,0.6524,"gyrA,parC,tetA",No_mutation,216
ISO_0156_Tetracycline,ISO_0156,High,gyrA,-6.34,0.6427,"gyrA,parC,tetA",No_mutation,216
ISO_0157_Ciprofloxacin,ISO_0157,High,gyrA,-6.94,0.817,"gyrA,parC,tetA","gyrA_S83L,gyrA_D87N,parC_S80I",216
ISO_0157_Levofloxacin,ISO_0157,High,gyrA,-6.83,0.8011,"gyrA,parC,tetA","gyrA_S83L,gyrA_D87N,parC_S80I",216
ISO_0157_Ampicillin,ISO_0157,Sensitive,gyrA,-6.52,0.7555,"gyrA,parC,tetA","gyrA_S83L,gyrA_D87N,parC_S80I",216
ISO_0157_Tetracycline,ISO_0157,Low,gyrA,-6.57,0.7623,"gyrA,parC,tetA","gyrA_S83L,gyrA_D87N,parC_S80I",216
ISO_0158_Ciprofloxacin,ISO_0158,Low,gyrA,-6.25,0.629,"gyrA,parC",No_mutation,216
ISO_0158_Levofloxacin,ISO_0158,Sensitive,gyrA,-6.23,0.6257,"gyrA,parC",No_mutation,216
ISO_0158_Ampicillin,ISO_0158,Low,gyrA,-6.36,0.6448,"gyrA,parC",No_mutation,216
ISO_0158_Tetracycline,ISO_0158,Sensitive,gyrA,-6.25,0.6285,"gyrA,parC",No_mutation,216
ISO_0159_Ciprofloxacin,ISO_0159,High,gyrA,-6.69,0.7508,"gyrA,parC,blaTEM","gyrA_S83L,parC_S80I",216
ISO_0159_Levofloxacin,ISO_0159,Medium,gyrA,-6.67,0.7489,"gyrA,parC,blaTEM","gyrA_S83L,parC_S80I",216
ISO_0159_Ampicillin,ISO_0159,Medium,gyrA,-6.42,0.7113,"gyrA,parC,blaTEM","gyrA_S83L,parC_S80I",216
ISO_0159_Tetracycline,ISO_0159,Low,gyrA,-6.5,0.7238,"gyrA,parC,blaTEM","gyrA_S83L,parC_S80I",216
ISO_0160_Ciprofloxacin,ISO_0160,High,gyrA,-7.18,0.8802,"gyrA,parC,blaTEM","gyrA_S83L,gyrA_D87N,parC_S80I,parC_E84K",216
ISO_0160_Levofloxacin,ISO_0160,High,gyrA,-7.08,0.8664,"gyrA,parC,blaTEM","gyrA_S83L,gyrA_D87N,parC_S80I,parC_E84K",216
ISO_0160_Ampicillin,ISO_0160,Low,gyrA,-6.69,0.8091,"gyrA,parC,blaTEM","gyrA_S83L,gyrA_D87N,parC_S80I,parC_E84K",216
ISO_0160_Tetracycline,ISO_0160,Sensitive,gyrA,-6.56,0.7906,"gyrA,parC,blaTEM","gyrA_S83L,gyrA_D87N,parC_S80I,parC_E84K",216
ISO_0161_Ciprofloxacin,ISO_0161,Low,gyrA,-6.2,0.6224,"gyrA,parC,blaTEM,tetA",No_mutation,216
ISO_0161_Levofloxacin,ISO_0161,Low,gyrA,-6.22,0.6244,"gyrA,parC,blaTEM,tetA",No_mutation,216
ISO_0161_Ampicillin,ISO_0161,Low,gyrA,-6.39,0.6499,"gyrA,parC,blaTEM,tetA",No_mutation,216
ISO_0161_Tetracycline,ISO_0161,Medium,gyrA,-6.32,0.6391,"gyrA,parC,blaTEM,tetA",No_mutation,216
ISO_0162_Ciprofloxacin,ISO_0162,Medium,gyrA,-6.59,0.7076,"gyrA,parC,blaTEM,tetA",gyrA_S83L,216
ISO_0162_Levofloxacin,ISO_0162,Medium,gyrA,-6.56,0.7037,"gyrA,parC,blaTEM,tetA",gyrA_S83L,216
ISO_0162_Ampicillin,ISO_0162,High,gyrA,-6.46,0.688,"gyrA,parC,blaTEM,tetA",gyrA_S83L,216
ISO_0162_Tetracycline,ISO_0162,Low,gyrA,-6.46,0.6891,"gyrA,parC,blaTEM,tetA",gyrA_S83L,216
ISO_0163_Ciprofloxacin,ISO_0163,Low,gyrA,-6.18,0.6195,"gyrA,parC,blaTEM,tetA",No_mutation,216
ISO_0163_Levofloxacin,ISO_0163,Sensitive,gyrA,-6.17,0.6171,"gyrA,parC,blaTEM,tetA",No_mutation,216
ISO_0163_Ampicillin,ISO_0163,High,gyrA,-6.42,0.6546,"gyrA,parC,blaTEM,tetA",No_mutation,216
ISO_0163_Tetracycline,ISO_0163,Low,gyrA,-6.31,0.6376,"gyrA,parC,blaTEM,tetA",No_mutation,216
ISO_0164_Ciprofloxacin,ISO_0164,Low,gyrA,-6.1,0.608,"gyrA,parC,blaTEM",No_mutation,216
ISO_0164_Levofloxacin,ISO_0164,Sensitive,gyrA,-6.2,0.6222,"gyrA,parC,blaTEM",No_mutation,216
ISO_0164_Ampicillin,ISO_0164,Medium,gyrA,-6.3,0.6358,"gyrA,parC,blaTEM",No_mutation,216
ISO_0164_Tetracycline,ISO_0164,Sensitive,gyrA,-6.31,0.6379,"gyrA,parC,blaTEM",No_mutation,216
ISO_0165_Ciprofloxacin,ISO_0165,High,gyrA,-6.97,0.8212,"gyrA,parC","gyrA_S83L,gyrA_D87N,parC_S80I",216
ISO_0165_Levofloxacin,ISO_0165,High,gyrA,-6.89,0.8097,"gyrA,parC","gyrA_S83L,gyrA_D87N,parC_S80I",216
ISO_0165_Ampicillin,ISO_0165,Low,gyrA,-6.61,0.7681,"gyrA,parC","gyrA_S83L,gyrA_D87N,parC_S80I",216
ISO_0165_Tetracycline,ISO_0165,Sensitive,gyrA,-6.56,0.7614,"gyrA,parC","gyrA_S83L,gyrA_D87N,parC_S80I",216
ISO_0166_Ciprofloxacin,ISO_0166,Medium,gyrA,-6.5,0.6952,"gyrA,parC,blaTEM,tetA",gyrA_S83L,216
ISO_0166_Levofloxacin,ISO_0166,Low,gyrA,-6.46,0.6892,"gyrA,parC,blaTEM,tetA",gyrA_S83L,216
ISO_0166_Ampicillin,ISO_0166,Medium,gyrA,-6.34,0.6716,"gyrA,parC,blaTEM,tetA",gyrA_S83L,216
ISO_0166_Tetracycline,ISO_0166,Medium,gyrA,-6.43,0.6844,"gyrA,parC,blaTEM,tetA",gyrA_S83L,216
ISO_0167_Ciprofloxacin,ISO_0167,High,gyrA,-6.67,0.7481,"gyrA,parC,blaTEM","gyrA_S83L,parC_S80I",216
ISO_0167_Levofloxacin,ISO_0167,High,gyrA,-6.8,0.7666,"gyrA,parC,blaTEM","gyrA_S83L,parC_S80I",216
ISO_0167_Ampicillin,ISO_0167,Medium,gyrA,-6.42,0.7122,"gyrA,parC,blaTEM","gyrA_S83L,parC_S80I",216
ISO_0167_Tetracycline,ISO_0167,Low,gyrA,-6.49,0.7219,"gyrA,parC,blaTEM","gyrA_S83L,parC_S80I",216
ISO_0168_Ciprofloxacin,ISO_0168,High,gyrA,-6.87,0.8065,"gyrA,parC,blaTEM","gyrA_S83L,gyrA_D87N,parC_S80I",216
ISO_0168_Levofloxacin,ISO_0168,High,gyrA,-6.94,0.8171,"gyrA,parC,blaTEM","gyrA_S83L,gyrA_D87N,parC_S80I",216
ISO_0168_Ampicillin,ISO_0168,High,gyrA,-6.58,0.7637,"gyrA,parC,blaTEM","gyrA_S83L,gyrA_D87N,parC_S80I",216
ISO_0168_Tetracycline,ISO_0168,Sensitive,gyrA,-6.52,0.7551,"gyrA,parC,blaTEM","gyrA_S83L,gyrA_D87N,parC_S80I",216
ISO_0169_Ciprofloxacin,ISO_0169,Low,gyrA,-6.23,0.6259,"gyrA,parC,blaTEM,tetA",No_mutation,216
ISO_0169_Levofloxacin,ISO_0169,Sensitive,gyrA,-6.18,0.6193,"gyrA,parC,blaTEM,tetA",No_mutation,216
ISO_0169_Ampicillin,ISO_0169,Low,gyrA,-6.4,0.6504,"gyrA,parC,blaTEM,tetA",No_mutation,216
ISO_0169_Tetracycline,ISO_0169,Low,gyrA,-6.39,0.6503,"gyrA,parC,blaTEM,tetA",No_mutation,216
ISO_0170_Ciprofloxacin,ISO_0170,Medium,gyrA,-6.53,0.6987,"gyrA,parC,blaTEM,tetA",gyrA_S83L,216
ISO_0170_Levofloxacin,ISO_0170,Medium,gyrA,-6.56,0.7027,"gyrA,parC,blaTEM,tetA",gyrA_S83L,216
ISO_0170_Ampicillin,ISO_0170,Sensitive,gyrA,-6.53,0.6993,"gyrA,parC,blaTEM,tetA",gyrA_S83L,216
ISO_0170_Tetracycline,ISO_0170,Medium,gyrA,-6.37,0.6751,"gyrA,parC,blaTEM,tetA",gyrA_S83L,216
ISO_0171_Ciprofloxacin,ISO_0171,High,gyrA,-6.98,0.8222,"gyrA,parC,tetA","gyrA_S83L,gyrA_D87N,parC_S80I",216
ISO_0171_Levofloxacin,ISO_0171,High,gyrA,-6.89,0.809,"gyrA,parC,tetA","gyrA_S83L,gyrA_D87N,parC_S80I",216
ISO_0171_Ampicillin,ISO_0171,Low,gyrA,-6.59,0.7661,"gyrA,parC,tetA","gyrA_S83L,gyrA_D87N,parC_S80I",216
ISO_0171_Tetracycline,ISO_0171,Medium,gyrA,-6.49,0.751,"gyrA,parC,tetA","gyrA_S83L,gyrA_D87N,parC_S80I",216
ISO_0172_Ciprofloxacin,ISO_0172,Sensitive,gyrA,-6.13,0.6122,"gyrA,parC,blaTEM,tetA",No_mutation,216
ISO_0172_Levofloxacin,ISO_0172,Sensitive,gyrA,-6.11,0.6087,"gyrA,parC,blaTEM,tetA",No_mutation,216
ISO_0172_Ampicillin,ISO_0172,Low,gyrA,-6.35,0.6435,"gyrA,parC,blaTEM,tetA",No_mutation,216
ISO_0172_Tetracycline,ISO_0172,Sensitive,gyrA,-6.29,0.6355,"gyrA,parC,blaTEM,tetA",No_mutation,216
ISO_0173_Ciprofloxacin,ISO_0173,High,gyrA,-6.98,0.8519,"gyrA,parC","gyrA_S83L,gyrA_D87N,parC_S80I,parC_E84K",216
ISO_0173_Levofloxacin,ISO_0173,High,gyrA,-7.07,0.8644,"gyrA,parC","gyrA_S83L,gyrA_D87N,parC_S80I,parC_E84K",216
ISO_0173_Ampicillin,ISO_0173,Low,gyrA,-6.69,0.8088,"gyrA,parC","gyrA_S83L,gyrA_D87N,parC_S80I,parC_E84K",216
ISO_0173_Tetracycline,ISO_0173,Sensitive,gyrA,-6.6,0.7968,"gyrA,parC","gyrA_S83L,gyrA_D87N,parC_S80I,parC_E84K",216
ISO_0174_Ciprofloxacin,ISO_0174,Sensitive,gyrA,-6.17,0.6174,"gyrA,parC,blaTEM,tetA",No_mutation,216
ISO_0174_Levofloxacin,ISO_0174,Sensitive,gyrA,-6.13,0.6123,"gyrA,parC,blaTEM,tetA",No_mutation,216
ISO_0174_Ampicillin,ISO_0174,Sensitive,gyrA,-6.31,0.638,"gyrA,parC,blaTEM,tetA",No_mutation,216
ISO_0174_Tetracycline,ISO_0174,High,gyrA,-6.38,0.6484,"gyrA,parC,blaTEM,tetA",No_mutation,216
ISO_0175_Ciprofloxacin,ISO_0175,Low,gyrA,-6.15,0.6149,"gyrA,parC,blaTEM,tetA",No_mutation,216
ISO_0175_Levofloxacin,ISO_0175,Low,gyrA,-6.21,0.623,"gyrA,parC,blaTEM,tetA",No_mutation,216
ISO_0175_Ampicillin,ISO_0175,Medium,gyrA,-6.38,0.6478,"gyrA,parC,blaTEM,tetA",No_mutation,216
ISO_0175_Tetracycline,ISO_0175,Low,gyrA,-6.38,0.6474,"gyrA,parC,blaTEM,tetA",No_mutation,216
ISO_0176_Ciprofloxacin,ISO_0176,Sensitive,gyrA,-6.17,0.6176,"gyrA,parC",No_mutation,216
ISO_0176_Levofloxacin,ISO_0176,Sensitive,gyrA,-6.3,0.6359,"gyrA,parC",No_mutation,216
ISO_0176_Ampicillin,ISO_0176,Low,gyrA,-6.36,0.6454,"gyrA,parC",No_mutation,216
ISO_0176_Tetracycline,ISO_0176,Low,gyrA,-6.37,0.647,"gyrA,parC",No_mutation,216
ISO_0177_Ciprofloxacin,ISO_0177,Low,gyrA,-6.27,0.6317,"gyrA,parC,blaTEM,tetA",No_mutation,216
ISO_0177_Levofloxacin,ISO_0177,Sensitive,gyrA,-6.13,0.6123,"gyrA,parC,blaTEM,tetA",No_mutation,216
ISO_0177_Ampicillin,ISO_0177,Sensitive,gyrA,-6.26,0.6313,"gyrA,parC,blaTEM,tetA",No_mutation,216
ISO_0177_Tetracycline,ISO_0177,Medium,gyrA,-6.3,0.6362,"gyrA,parC,blaTEM,tetA",No_mutation,216
ISO_0178_Ciprofloxacin,ISO_0178,Low,gyrA,-6.12,0.61,"gyrA,parC,blaTEM,tetA",No_mutation,216
ISO_0178_Levofloxacin,ISO_0178,Sensitive,gyrA,-6.26,0.6312,"gyrA,parC,blaTEM,tetA",No_mutation,216
ISO_0178_Ampicillin,ISO_0178,Low,gyrA,-6.39,0.6493,"gyrA,parC,blaTEM,tetA",No_mutation,216
ISO_0178_Tetracycline,ISO_0178,Low,gyrA,-6.32,0.6397,"gyrA,parC,blaTEM,tetA",No_mutation,216
ISO_0179_Ciprofloxacin,ISO_0179,High,gyrA,-6.99,0.8243,"gyrA,parC,blaTEM,tetA","gyrA_S83L,gyrA_D87N,parC_S80I",216
ISO_0179_Levofloxacin,ISO_0179,High,gyrA,-6.93,0.8145,"gyrA,parC,blaTEM,tetA","gyrA_S83L,gyrA_D87N,parC_S80I",216
ISO_0179_Ampicillin,ISO_0179,Medium,gyrA,-6.56,0.7616,"gyrA,parC,blaTEM,tetA","gyrA_S83L,gyrA_D87N,parC_S80I",216
ISO_0179_Tetracycline,ISO_0179,Sensitive,gyrA,-6.51,0.7543,"gyrA,parC,blaTEM,tetA","gyrA_S83L,gyrA_D87N,parC_S80I",216
ISO_0180_Ciprofloxacin,ISO_0180,Medium,gyrA,-6.52,0.698,"gyrA,parC,blaTEM,tetA",gyrA_S83L,216
ISO_0180_Levofloxacin,ISO_0180,Low,gyrA,-6.41,0.6811,"gyrA,parC,blaTEM,tetA",gyrA_S83L,216
ISO_0180_Ampicillin,ISO_0180,Medium,gyrA,-6.4,0.68,"gyrA,parC,blaTEM,tetA",gyrA_S83L,216
ISO_0180_Tetracycline,ISO_0180,High,gyrA,-6.36,0.6739,"gyrA,parC,blaTEM,tetA",gyrA_S83L,216
