isolate_id,fasta_path,gyrA_S83L,gyrA_D87N,parC_S80I,parC_E84K,blaTEM_present,tetA_present
ISO_0001,data\generated\isolate_fastas\ISO_0001.fasta,1,0,1,0,1,0
ISO_0002,data\generated\isolate_fastas\ISO_0002.fasta,1,1,1,0,1,0
ISO_0003,data\generated\isolate_fastas\ISO_0003.fasta,1,0,1,0,1,0
ISO_0004,data\generated\isolate_fastas\ISO_0004.fasta,0,0,0,0,0,0
ISO_0005,data\generated\isolate_fastas\ISO_0005.fasta,1,0,0,0,0,0
ISO_0006,data\generated\isolate_fastas\ISO_0006.fasta,0,0,0,0,0,0
ISO_0007,data\generated\isolate_fastas\ISO_0007.fasta,1,0,1,0,1,0
ISO_0008,data\generated\isolate_fastas\ISO_0008.fasta,1,1,1,1,0,1
ISO_0009,data\generated\isolate_fastas\ISO_0009.fasta,0,0,0,0,0,0
ISO_0010,data\generated\isolate_fastas\ISO_0010.fasta,0,0,0,0,0,0
ISO_0011,data\generated\isolate_fastas\ISO_0011.fasta,0,0,0,0,0,1
ISO_0012,data\generated\isolate_fastas\ISO_0012.fasta,1,0,0,0,1,1
ISO_0013,data\generated\isolate_fastas\ISO_0013.fasta,1,1,1,1,0,0
ISO_0014,data\generated\isolate_fastas\ISO_0014.fasta,1,0,0,0,0,1
ISO_0015,data\generated\isolate_fastas\ISO_0015.fasta,1,1,1,0,0,1
ISO_0016,data\generated\isolate_fastas\ISO_0016.fasta,1,0,0,0,1,0
ISO_0017,data\generated\isolate_fastas\ISO_0017.fasta,1,1,1,1,0,0
ISO_0018,data\generated\isolate_fastas\ISO_0018.fasta,1,0,1,1,0,1
ISO_0019,data\generated\isolate_fastas\ISO_0019.fasta,0,0,0,0,1,0
ISO_0020,data\generated\isolate_fastas\ISO_0020.fasta,0,0,0,0,1,0
ISO_0021,data\generated\isolate_fastas\ISO_0021.fasta,0,0,0,0,1,0
ISO_0022,data\generated\isolate_fastas\ISO_0022.fasta,1,0,0,0,1,0
ISO_0023,data\generated\isolate_fastas\ISO_0023.fasta,1,1,1,0,0,1
ISO_0024,data\generated\isolate_fastas\ISO_0024.fasta,1,0,1,0,0,1
ISO_0025,data\generated\isolate_fastas\ISO_0025.fasta,1,0,1,0,0,1
ISO_0026,data\generated\isolate_fastas\ISO_0026.fasta,1,0,1,0,0,0
ISO_0027,data\generated\isolate_fastas\ISO_0027.fasta,1,1,1,0,0,0
ISO_0028,data\generated\isolate_fastas\ISO_0028.fasta,0,0,0,0,0,0
ISO_0029,data\generated\isolate_fastas\ISO_0029.fasta,0,0,0,0,1,1
ISO_0030,data\generated\isolate_fastas\ISO_0030.fasta,1,0,1,0,1,0
ISO_0031,data\generated\isolate_fastas\ISO_0031.fasta,0,0,0,0,0,1
ISO_0032,data\generated\isolate_fastas\ISO_0032.fasta,0,0,0,0,1,0
ISO_0033,data\generated\isolate_fastas\ISO_0033.fasta,1,1,1,0,0,1
ISO_0034,data\generated\isolate_fastas\ISO_0034.fasta,0,0,0,0,0,0
ISO_0035,data\generated\isolate_fastas\ISO_0035.fasta,1,0,1,0,1,0
ISO_0036,data\generated\isolate_fastas\ISO_0036.fasta,1,0,1,0,1,0
ISO_0037,data\generated\isolate_fastas\ISO_0037.fasta,1,0,1,1,1,1
ISO_0038,data\generated\isolate_fastas\ISO_0038.fasta,1,0,0,0,1,0
ISO_0039,data\generated\isolate_fastas\ISO_0039.fasta,1,0,1,1,0,1
ISO_0040,data\generated\isolate_fastas\ISO_0040.fasta,1,0,1,0,0,1
ISO_0041,data\generated\isolate_fastas\ISO_0041.fasta,1,0,0,0,0,0
ISO_0042,data\generated\isolate_fastas\ISO_0042.fasta,1,0,1,0,1,0
ISO_0043,data\generated\isolate_fastas\ISO_0043.fasta,1,1,1,1,0,0
ISO_0044,data\generated\isolate_fastas\ISO_0044.fasta,1,1,1,0,0,0
ISO_0045,data\generated\isolate_fastas\ISO_0045.fasta,1,0,1,0,0,1
ISO_0046,data\generated\isolate_fastas\ISO_0046.fasta,0,0,0,0,1,1
ISO_0047,data\generated\isolate_fastas\ISO_0047.fasta,0,0,0,0,1,0
ISO_0048,data\generated\isolate_fastas\ISO_0048.fasta,1,0,1,1,0,0
ISO_0049,data\generated\isolate_fastas\ISO_0049.fasta,1,0,1,0,0,1
ISO_0050,data\generated\isolate_fastas\ISO_0050.fasta,1,0,1,0,0,1
ISO_0051,data\generated\isolate_fastas\ISO_0051.fasta,0,0,0,0,0,1
ISO_0052,data\generated\isolate_fastas\ISO_0052.fasta,0,0,0,0,1,0
ISO_0053,data\generated\isolate_fastas\ISO_0053.fasta,1,0,1,1,1,1
ISO_0054,data\generated\isolate_fastas\ISO_0054.fasta,1,1,1,1,0,0
ISO_0055,data\generated\isolate_fastas\ISO_0055.fasta,0,0,0,0,1,0
ISO_0056,data\generated\isolate_fastas\ISO_0056.fasta,0,0,0,0,1,0
ISO_0057,data\generated\isolate_fastas\ISO_0057.fasta,0,0,0,0,0,0
ISO_0058,data\generated\isolate_fastas\ISO_0058.fasta,1,1,1,1,0,1
ISO_0059,data\generated\isolate_fastas\ISO_0059.fasta,1,1,1,0,1,0
ISO_0060,data\generated\isolate_fastas\ISO_0060.fasta,0,0,0,0,0,0
ISO_0061,data\generated\isolate_fastas\ISO_0061.fasta,1,1,1,1,0,0
ISO_0062,data\generated\isolate_fastas\ISO_0062.fasta,0,0,0,0,0,1
ISO_0063,data\generated\isolate_fastas\ISO_0063.fasta,1,0,1,1,1,1
ISO_0064,data\generated\isolate_fastas\ISO_0064.fasta,0,0,0,0,0,0
ISO_0065,data\generated\isolate_fastas\ISO_0065.fasta,1,0,1,1,0,1
ISO_0066,data\generated\isolate_fastas\ISO_0066.fasta,1,0,1,1,1,0
ISO_0067,data\generated\isolate_fastas\ISO_0067.fasta,0,0,0,0,0,0
ISO_0068,data\generated\isolate_fastas\ISO_0068.fasta,1,0,1,0,1,0
ISO_0069,data\generated\isolate_fastas\ISO_0069.fasta,1,0,1,1,0,1
ISO_0070,data\generated\isolate_fastas\ISO_0070.fasta,0,0,0,0,1,0
ISO_0071,data\generated\isolate_fastas\ISO_0071.fasta,1,0,1,0,0,0
ISO_0072,data\generated\isolate_fastas\ISO_0072.fasta,1,0,0,0,1,1
ISO_0073,data\generated\isolate_fastas\ISO_0073.fasta,1,0,1,1,0,0
ISO_0074,data\generated\isolate_fastas\ISO_0074.fasta,1,1,1,0,0,1
ISO_0075,data\generated\isolate_fastas\ISO_0075.fasta,0,0,0,0,0,0
ISO_0076,data\generated\isolate_fastas\ISO_0076.fasta,0,0,0,0,0,1
ISO_0077,data\generated\isolate_fastas\ISO_0077.fasta,0,0,0,0,0,0
ISO_0078,data\generated\isolate_fastas\ISO_0078.fasta,0,0,0,0,0,0
ISO_0079,data\generated\isolate_fastas\ISO_0079.fasta,0,0,0,0,0,0
ISO_0080,data\generated\isolate_fastas\ISO_0080.fasta,0,0,0,0,0,0
ISO_0081,data\generated\isolate_fastas\ISO_0081.fasta,1,1,1,0,0,1
ISO_0082,data\generated\isolate_fastas\ISO_0082.fasta,1,0,0,0,1,1
ISO_0083,data\generated\isolate_fastas\ISO_0083.fasta,1,0,0,0,1,0
ISO_0084,data\generated\isolate_fastas\ISO_0084.fasta,1,0,1,0,0,0
ISO_0085,data\generated\isolate_fastas\ISO_0085.fasta,1,0,1,0,0,0
ISO_0086,data\generated\isolate_fastas\ISO_0086.fasta,0,0,0,0,1,0
ISO_0087,data\generated\isolate_fastas\ISO_0087.fasta,0,0,0,0,0,0
ISO_0088,data\generated\isolate_fastas\ISO_0088.fasta,0,0,0,0,0,1
ISO_0089,data\generated\isolate_fastas\ISO_0089.fasta,1,0,0,0,1,1
ISO_0090,data\generated\isolate_fastas\ISO_0090.fasta,1,0,0,0,0,0
ISO_0091,data\generated\isolate_fastas\ISO_0091.fasta,0,0,0,0,0,0
ISO_0092,data\generated\isolate_fastas\ISO_0092.fasta,1,0,1,0,1,0
ISO_0093,data\generated\isolate_fastas\ISO_0093.fasta,1,1,1,0,0,1
ISO_0094,data\generated\isolate_fastas\ISO_0094.fasta,0,0,0,0,1,0
ISO_0095,data\generated\isolate_fastas\ISO_0095.fasta,0,0,0,0,1,0
ISO_0096,data\generated\isolate_fastas\ISO_0096.fasta,1,0,0,0,0,0
ISO_0097,data\generated\isolate_fastas\ISO_0097.fasta,1,0,1,0,1,0
ISO_0098,data\generated\isolate_fastas\ISO_0098.fasta,0,0,0,0,1,1
ISO_0099,data\generated\isolate_fastas\ISO_0099.fasta,1,0,1,1,1,1
ISO_0100,data\generated\isolate_fastas\ISO_0100.fasta,1,0,1,0,0,0
ISO_0101,data\generated\isolate_fastas\ISO_0101.fasta,1,0,0,0,0,0
ISO_0102,data\generated\isolate_fastas\ISO_0102.fasta,1,0,1,0,1,1
ISO_0103,data\generated\isolate_fastas\ISO_0103.fasta,1,1,1,1,1,1
ISO_0104,data\generated\isolate_fastas\ISO_0104.fasta,1,0,1,0,0,0
ISO_0105,data\generated\isolate_fastas\ISO_0105.fasta,0,0,0,0,0,1
ISO_0106,data\generated\isolate_fastas\ISO_0106.fasta,0,0,0,0,0,0
ISO_0107,data\generated\isolate_fastas\ISO_0107.fasta,0,0,0,0,1,0
ISO_0108,data\generated\isolate_fastas\ISO_0108.fasta,0,0,0,0,0,0
ISO_0109,data\generated\isolate_fastas\ISO_0109.fasta,1,0,1,0,0,0
ISO_0110,data\generated\isolate_fastas\ISO_0110.fasta,1,0,1,1,0,0
ISO_0111,data\generated\isolate_fastas\ISO_0111.fasta,0,0,0,0,1,0
ISO_0112,data\generated\isolate_fastas\ISO_0112.fasta,1,0,1,1,1,1
ISO_0113,data\generated\isolate_fastas\ISO_0113.fasta,1,0,1,0,0,0
ISO_0114,data\generated\isolate_fastas\ISO_0114.fasta,0,0,0,0,1,0
ISO_0115,data\generated\isolate_fastas\ISO_0115.fasta,1,0,1,0,0,0
ISO_0116,data\generated\isolate_fastas\ISO_0116.fasta,1,1,1,0,0,1
ISO_0117,data\generated\isolate_fastas\ISO_0117.fasta,1,0,1,0,0,1
ISO_0118,data\generated\isolate_fastas\ISO_0118.fasta,1,0,1,1,0,0
ISO_0119,data\generated\isolate_fastas\ISO_0119.fasta,1,0,1,0,0,1
ISO_0120,data\generated\isolate_fastas\ISO_0120.fasta,0,0,0,0,0,1
ISO_0121,data\generated\isolate_fastas\ISO_0121.fasta,1,0,0,0,0,1
ISO_0122,data\generated\isolate_fastas\ISO_0122.fasta,1,1,1,0,1,0
ISO_0123,data\generated\isolate_fastas\ISO_0123.fasta,1,0,1,0,0,1
ISO_0124,data\generated\isolate_fastas\ISO_0124.fasta,1,0,1,0,0,0
ISO_0125,data\generated\isolate_fastas\ISO_0125.fasta,0,0,0,0,0,1
ISO_0126,data\generated\isolate_fastas\ISO_0126.fasta,0,0,0,0,0,1
ISO_0127,data\generated\isolate_fastas\ISO_0127.fasta,1,1,1,1,0,0
ISO_0128,data\generated\isolate_fastas\ISO_0128.fasta,1,0,0,0,1,0
ISO_0129,data\generated\isolate_fastas\ISO_0129.fasta,1,1,1,0,1,0
ISO_0130,data\generated\isolate_fastas\ISO_0130.fasta,0,0,0,0,0,0
ISO_0131,data\generated\isolate_fastas\ISO_0131.fasta,1,0,1,1,1,0
ISO_0132,data\generated\isolate_fastas\ISO_0132.fasta,1,0,1,0,0,1
ISO_0133,data\generated\isolate_fastas\ISO_0133.fasta,0,0,0,0,0,1
ISO_0134,data\generated\isolate_fastas\ISO_0134.fasta,0,0,0,0,0,1
ISO_0135,data\generated\isolate_fastas\ISO_0135.fasta,1,1,1,1,1,1
ISO_0136,data\generated\isolate_fastas\ISO_0136.fasta,0,0,0,0,1,0
ISO_0137,data\generated\isolate_fastas\ISO_0137.fasta,0,0,0,0,0,0
ISO_0138,data\generated\isolate_fastas\ISO_0138.fasta,1,1,1,1,0,0
ISO_0139,data\generated\isolate_fastas\ISO_0139.fasta,1,1,1,0,0,0
ISO_0140,data\generated\isolate_fastas\ISO_0140.fasta,1,0,0,0,0,1
ISO_0141,data\generated\isolate_fastas\ISO_0141.fasta,1,0,1,0,0,1
ISO_0142,data\generated\isolate_fastas\ISO_0142.fasta,1,0,1,0,0,1
ISO_0143,data\generated\isolate_fastas\ISO_0143.fasta,1,0,1,1,0,0
ISO_0144,data\generated\isolate_fastas\ISO_0144.fasta,1,0,0,0,0,1
ISO_0145,data\generated\isolate_fastas\ISO_0145.fasta,1,0,0,0,0,1
ISO_0146,data\generated\isolate_fastas\ISO_0146.fasta,1,0,1,0,1,0
ISO_0147,data\generated\isolate_fastas\ISO_0147.fasta,1,1,1,1,0,0
ISO_0148,data\generated\isolate_fastas\ISO_0148.fasta,1,0,0,0,1,1
ISO_0149,data\generated\isolate_fastas\ISO_0149.fasta,1,0,0,0,1,0
ISO_0150,data\generated\isolate_fastas\ISO_0150.fasta,1,0,1,0,0,0
ISO_0151,data\generated\isolate_fastas\ISO_0151.fasta,0,0,0,0,1,0
ISO_0152,data\generated\isolate_fastas\ISO_0152.fasta,0,0,0,0,0,1
ISO_0153,data\generated\isolate_fastas\ISO_0153.fasta,1,0,1,0,0,0
ISO_0154,data\generated\isolate_fastas\ISO_0154.fasta,1,1,1,1,1,0
ISO_0155,data\generated\isolate_fastas\ISO_0155.fasta,1,0,0,0,0,1
ISO_0156,data\generated\isolate_fastas\ISO_0156.fasta,0,0,0,0,0,1
ISO_0157,data\generated\isolate_fastas\ISO_0157.fasta,1,1,1,0,0,0
ISO_0158,data\generated\isolate_fastas\ISO_0158.fasta,0,0,0,0,0,0
ISO_0159,data\generated\isolate_fastas\ISO_0159.fasta,1,0,1,0,1,0
ISO_0160,data\generated\isolate_fastas\ISO_0160.fasta,1,1,1,1,0,0
ISO_0161,data\generated\isolate_fastas\ISO_0161.fasta,0,0,0,0,0,1
ISO_0162,data\generated\isolate_fastas\ISO_0162.fasta,1,0,0,0,1,0
ISO_0163,data\generated\isolate_fastas\ISO_0163.fasta,0,0,0,0,1,0
ISO_0164,data\generated\isolate_fastas\ISO_0164.fasta,0,0,0,0,1,0
ISO_0165,data\generated\isolate_fastas\ISO_0165.fasta,1,1,1,0,0,0
ISO_0166,data\generated\isolate_fastas\ISO_0166.fasta,1,0,0,0,1,1
ISO_0167,data\generated\isolate_fastas\ISO_0167.fasta,1,0,1,0,1,0
ISO_0168,data\generated\isolate_fastas\ISO_0168.fasta,1,1,1,0,1,0
ISO_0169,data\generated\isolate_fastas\ISO_0169.fasta,0,0,0,0,0,0
ISO_0170,data\generated\isolate_fastas\ISO_0170.fasta,1,0,0,0,0,1
ISO_0171,data\generated\isolate_fastas\ISO_0171.fasta,1,1,1,0,0,1
ISO_0172,data\generated\isolate_fastas\ISO_0172.fasta,0,0,0,0,0,0
ISO_0173,data\generated\isolate_fastas\ISO_0173.fasta,1,1,1,1,0,0
ISO_0174,data\generated\isolate_fastas\ISO_0174.fasta,0,0,0,0,0,1
ISO_0175,data\generated\isolate_fastas\ISO_0175.fasta,0,0,0,0,1,0
ISO_0176,data\generated\isolate_fastas\ISO_0176.fasta,0,0,0,0,0,0
ISO_0177,data\generated\isolate_fastas\ISO_0177.fasta,0,0,0,0,0,1
ISO_0178,data\generated\isolate_fastas\ISO_0178.fasta,0,0,0,0,0,0
ISO_0179,data\generated\isolate_fastas\ISO_0179.fasta,1,1,1,0,1,0
ISO_0180,data\generated\isolate_fastas\ISO_0180.fasta,1,0,0,0,1,1
