sample_id,isolate_id,drug_name,temperature_c,ph,medium,label,mapped_genes,mutations,interaction_score,feature_length
ISO_0001_Ciprofloxacin,ISO_0001,Ciprofloxacin,35.66,8.23,Blood,Medium,"gyrA,parC,blaTEM,tetA","gyrA_S83L,parC_S80I",0.6188,206
ISO_0001_Levofloxacin,ISO_0001,Levofloxacin,36.67,6.1,MHB,Medium,"gyrA,parC,blaTEM,tetA","gyrA_S83L,parC_S80I",0.6033,206
ISO_0001_Ampicillin,ISO_0001,Ampicillin,35.25,8.12,Minimal,High,"gyrA,parC,blaTEM,tetA","gyrA_S83L,parC_S80I",0.5556,206
ISO_0001_Tetracycline,ISO_0001,Tetracycline,34.1,8.16,MHB,Low,"gyrA,parC,blaTEM,tetA","gyrA_S83L,parC_S80I",0.5456,206
ISO_0002_Ciprofloxacin,ISO_0002,Ciprofloxacin,33.95,6.62,Minimal,High,"gyrA,parC,blaTEM,tetA","gyrA_S83L,gyrA_D87N,parC_S80I",0.6521,206
ISO_0002_Levofloxacin,ISO_0002,Levofloxacin,33.91,6.65,Blood,High,"gyrA,parC,blaTEM,tetA","gyrA_S83L,gyrA_D87N,parC_S80I",0.6506,206
ISO_0002_Ampicillin,ISO_0002,Ampicillin,40.28,8.37,MHB,High,"gyrA,parC,blaTEM,tetA","gyrA_S83L,gyrA_D87N,parC_S80I",0.5671,206
ISO_0002_Tetracycline,ISO_0002,Tetracycline,36.71,6.09,Minimal,Low,"gyrA,parC,blaTEM,tetA","gyrA_S83L,gyrA_D87N,parC_S80I",0.5259,206
ISO_0003_Ciprofloxacin,ISO_0003,Ciprofloxacin,32.73,5.93,MHB,High,"gyrA,parC,blaTEM,tetA","gyrA_S83L,parC_S80I",0.6335,206
ISO_0003_Levofloxacin,ISO_0003,Levofloxacin,31.32,7.88,Minimal,High,"gyrA,parC,blaTEM,tetA","gyrA_S83L,parC_S80I",0.6456,206
ISO_0003_Ampicillin,ISO_0003,Ampicillin,35.16,7.33,Minimal,Medium,"gyrA,parC,blaTEM,tetA","gyrA_S83L,parC_S80I",0.5386,206
ISO_0003_Tetracycline,ISO_0003,Tetracycline,41.4,6.94,Minimal,Low,"gyrA,parC,blaTEM,tetA","gyrA_S83L,parC_S80I",0.5375,206
ISO_0004_Ciprofloxacin,ISO_0004,Ciprofloxacin,34.55,7.0,Blood,Sensitive,"gyrA,parC,blaTEM,tetA",No_mutation,0.4802,206
ISO_0004_Levofloxacin,ISO_0004,Levofloxacin,38.37,6.57,Minimal,Sensitive,"gyrA,parC,blaTEM,tetA",No_mutation,0.4859,206
ISO_0004_Ampicillin,ISO_0004,Ampicillin,41.82,5.65,Blood,Low,"gyrA,parC,blaTEM,tetA",No_mutation,0.5806,206
ISO_0004_Tetracycline,ISO_0004,Tetracycline,30.56,6.49,MHB,Low,"gyrA,parC,blaTEM,tetA",No_mutation,0.5574,206
ISO_0005_Ciprofloxacin,ISO_0005,Ciprofloxacin,38.72,7.07,Blood,Medium,"gyrA,parC,blaTEM,tetA",gyrA_S83L,0.5511,206
ISO_0005_Levofloxacin,ISO_0005,Levofloxacin,37.16,8.51,LB,Low,"gyrA,parC,blaTEM,tetA",gyrA_S83L,0.5684,206
ISO_0005_Ampicillin,ISO_0005,Ampicillin,41.73,5.88,Minimal,Low,"gyrA,parC,blaTEM,tetA",gyrA_S83L,0.5775,206
ISO_0005_Tetracycline,ISO_0005,Tetracycline,38.9,5.82,LB,Low,"gyrA,parC,blaTEM,tetA",gyrA_S83L,0.5368,206
ISO_0006_Ciprofloxacin,ISO_0006,Ciprofloxacin,31.43,8.01,LB,Low,"gyrA,parC,blaTEM,tetA",No_mutation,0.5218,206
ISO_0006_Levofloxacin,ISO_0006,Levofloxacin,36.78,7.57,Minimal,Sensitive,"gyrA,parC,blaTEM,tetA",No_mutation,0.4804,206
ISO_0006_Ampicillin,ISO_0006,Ampicillin,36.17,6.35,LB,Sensitive,"gyrA,parC,blaTEM,tetA",No_mutation,0.5311,206
ISO_0006_Tetracycline,ISO_0006,Tetracycline,41.22,5.99,Blood,Low,"gyrA,parC,blaTEM,tetA",No_mutation,0.5547,206
ISO_0007_Ciprofloxacin,ISO_0007,Ciprofloxacin,30.14,7.21,MHB,Medium,"gyrA,parC,blaTEM,tetA","gyrA_S83L,parC_S80I",0.6335,206
ISO_0007_Levofloxacin,ISO_0007,Levofloxacin,38.36,5.89,Minimal,Medium,"gyrA,parC,blaTEM,tetA","gyrA_S83L,parC_S80I",0.6203,206
ISO_0007_Ampicillin,ISO_0007,Ampicillin,40.34,7.08,MHB,Medium,"gyrA,parC,blaTEM,tetA","gyrA_S83L,parC_S80I",0.5389,206
ISO_0007_Tetracycline,ISO_0007,Tetracycline,30.12,6.82,LB,Sensitive,"gyrA,parC,blaTEM,tetA","gyrA_S83L,parC_S80I",0.5515,206
ISO_0008_Ciprofloxacin,ISO_0008,Ciprofloxacin,39.65,8.17,MHB,High,"gyrA,parC,blaTEM,tetA","gyrA_S83L,gyrA_D87N,parC_S80I,parC_E84K",0.6797,206
ISO_0008_Levofloxacin,ISO_0008,Levofloxacin,38.23,7.88,Minimal,High,"gyrA,parC,blaTEM,tetA","gyrA_S83L,gyrA_D87N,parC_S80I,parC_E84K",0.6706,206
ISO_0008_Ampicillin,ISO_0008,Ampicillin,41.33,8.54,Blood,Low,"gyrA,parC,blaTEM,tetA","gyrA_S83L,gyrA_D87N,parC_S80I,parC_E84K",0.5812,206
ISO_0008_Tetracycline,ISO_0008,Tetracycline,36.98,5.73,Minimal,Medium,"gyrA,parC,blaTEM,tetA","gyrA_S83L,gyrA_D87N,parC_S80I,parC_E84K",0.5319,206
ISO_0009_Ciprofloxacin,ISO_0009,Ciprofloxacin,39.69,6.77,Blood,Low,"gyrA,parC,blaTEM,tetA",No_mutation,0.4871,206
ISO_0009_Levofloxacin,ISO_0009,Levofloxacin,36.77,6.39,MHB,Sensitive,"gyrA,parC,blaTEM,tetA",No_mutation,0.476,206
ISO_0009_Ampicillin,ISO_0009,Ampicillin,33.22,7.94,LB,Low,"gyrA,parC,blaTEM,tetA",No_mutation,0.5595,206
ISO_0009_Tetracycline,ISO_0009,Tetracycline,32.81,7.29,MHB,Low,"gyrA,parC,blaTEM,tetA",No_mutation,0.5357,206
ISO_0010_Ciprofloxacin,ISO_0010,Ciprofloxacin,35.45,5.7,LB,Low,"gyrA,parC,blaTEM,tetA",No_mutation,0.4981,206
ISO_0010_Levofloxacin,ISO_0010,Levofloxacin,34.77,7.12,Minimal,Sensitive,"gyrA,parC,blaTEM,tetA",No_mutation,0.4853,206
ISO_0010_Ampicillin,ISO_0010,Ampicillin,36.57,6.45,Minimal,Low,"gyrA,parC,blaTEM,tetA",No_mutation,0.533,206
ISO_0010_Tetracycline,ISO_0010,Tetracycline,31.75,6.42,LB,Low,"gyrA,parC,blaTEM,tetA",No_mutation,0.5483,206
ISO_0011_Ciprofloxacin,ISO_0011,Ciprofloxacin,36.35,7.51,MHB,Sensitive,"gyrA,parC,blaTEM,tetA",No_mutation,0.4754,206
ISO_0011_Levofloxacin,ISO_0011,Levofloxacin,32.28,7.77,Minimal,Sensitive,"gyrA,parC,blaTEM,tetA",No_mutation,0.5186,206
ISO_0011_Ampicillin,ISO_0011,Ampicillin,30.62,6.18,Blood,Low,"gyrA,parC,blaTEM,tetA",No_mutation,0.5804,206
ISO_0011_Tetracycline,ISO_0011,Tetracycline,35.4,5.9,Minimal,Medium,"gyrA,parC,blaTEM,tetA",No_mutation,0.5399,206
ISO_0012_Ciprofloxacin,ISO_0012,Ciprofloxacin,38.41,7.06,Blood,Medium,"gyrA,parC,blaTEM,tetA",gyrA_S83L,0.5485,206
ISO_0012_Levofloxacin,ISO_0012,Levofloxacin,30.44,8.09,LB,Medium,"gyrA,parC,blaTEM,tetA",gyrA_S83L,0.6058,206
ISO_0012_Ampicillin,ISO_0012,Ampicillin,40.74,8.24,Blood,High,"gyrA,parC,blaTEM,tetA",gyrA_S83L,0.5703,206
ISO_0012_Tetracycline,ISO_0012,Tetracycline,36.54,6.13,Blood,Medium,"gyrA,parC,blaTEM,tetA",gyrA_S83L,0.5236,206
ISO_0013_Ciprofloxacin,ISO_0013,Ciprofloxacin,33.06,6.46,LB,High,"gyrA,parC,blaTEM,tetA","gyrA_S83L,gyrA_D87N,parC_S80I,parC_E84K",0.6742,206
ISO_0013_Levofloxacin,ISO_0013,Levofloxacin,33.04,7.93,LB,High,"gyrA,parC,blaTEM,tetA","gyrA_S83L,gyrA_D87N,parC_S80I,parC_E84K",0.6832,206
ISO_0013_Ampicillin,ISO_0013,Ampicillin,35.26,6.01,MHB,Sensitive,"gyrA,parC,blaTEM,tetA","gyrA_S83L,gyrA_D87N,parC_S80I,parC_E84K",0.5473,206
ISO_0013_Tetracycline,ISO_0013,Tetracycline,39.46,5.71,MHB,Low,"gyrA,parC,blaTEM,tetA","gyrA_S83L,gyrA_D87N,parC_S80I,parC_E84K",0.5452,206
ISO_0014_Ciprofloxacin,ISO_0014,Ciprofloxacin,32.34,5.7,Blood,Medium,"gyrA,parC,blaTEM,tetA",gyrA_S83L,0.5996,206
ISO_0014_Levofloxacin,ISO_0014,Levofloxacin,39.05,7.44,Minimal,Medium,"gyrA,parC,blaTEM,tetA",gyrA_S83L,0.5658,206
ISO_0014_Ampicillin,ISO_0014,Ampicillin,35.96,6.71,Blood,Sensitive,"gyrA,parC,blaTEM,tetA",gyrA_S83L,0.5291,206
ISO_0014_Tetracycline,ISO_0014,Tetracycline,30.09,7.3,MHB,High,"gyrA,parC,blaTEM,tetA",gyrA_S83L,0.5562,206
ISO_0015_Ciprofloxacin,ISO_0015,Ciprofloxacin,40.36,5.61,Minimal,High,"gyrA,parC,blaTEM,tetA","gyrA_S83L,gyrA_D87N,parC_S80I",0.6745,206
ISO_0015_Levofloxacin,ISO_0015,Levofloxacin,35.32,6.17,MHB,High,"gyrA,parC,blaTEM,tetA","gyrA_S83L,gyrA_D87N,parC_S80I",0.6484,206
ISO_0015_Ampicillin,ISO_0015,Ampicillin,32.82,5.88,Minimal,Low,"gyrA,parC,blaTEM,tetA","gyrA_S83L,gyrA_D87N,parC_S80I",0.5735,206
ISO_0015_Tetracycline,ISO_0015,Tetracycline,38.99,6.92,MHB,Medium,"gyrA,parC,blaTEM,tetA","gyrA_S83L,gyrA_D87N,parC_S80I",0.5146,206
ISO_0016_Ciprofloxacin,ISO_0016,Ciprofloxacin,38.5,6.83,LB,Low,"gyrA,parC,blaTEM,tetA",gyrA_S83L,0.5472,206
ISO_0016_Levofloxacin,ISO_0016,Levofloxacin,30.27,8.12,Blood,Medium,"gyrA,parC,blaTEM,tetA",gyrA_S83L,0.6119,206
ISO_0016_Ampicillin,ISO_0016,Ampicillin,38.96,7.24,Minimal,Medium,"gyrA,parC,blaTEM,tetA",gyrA_S83L,0.5375,206
ISO_0016_Tetracycline,ISO_0016,Tetracycline,39.11,8.54,MHB,Low,"gyrA,parC,blaTEM,tetA",gyrA_S83L,0.5482,206
ISO_0017_Ciprofloxacin,ISO_0017,Ciprofloxacin,41.44,5.95,Minimal,High,"gyrA,parC,blaTEM,tetA","gyrA_S83L,gyrA_D87N,parC_S80I,parC_E84K",0.6936,206
ISO_0017_Levofloxacin,ISO_0017,Levofloxacin,38.34,6.78,Blood,High,"gyrA,parC,blaTEM,tetA","gyrA_S83L,gyrA_D87N,parC_S80I,parC_E84K",0.6557,206
ISO_0017_Ampicillin,ISO_0017,Ampicillin,38.34,7.61,Blood,Sensitive,"gyrA,parC,blaTEM,tetA","gyrA_S83L,gyrA_D87N,parC_S80I,parC_E84K",0.5385,206
ISO_0017_Tetracycline,ISO_0017,Tetracycline,36.12,5.7,Blood,Sensitive,"gyrA,parC,blaTEM,tetA","gyrA_S83L,gyrA_D87N,parC_S80I,parC_E84K",0.5363,206
ISO_0018_Ciprofloxacin,ISO_0018,Ciprofloxacin,34.79,7.13,LB,High,"gyrA,parC,blaTEM,tetA","gyrA_S83L,parC_S80I,parC_E84K",0.6178,206
ISO_0018_Levofloxacin,ISO_0018,Levofloxacin,40.07,6.11,Minimal,High,"gyrA,parC,blaTEM,tetA","gyrA_S83L,parC_S80I,parC_E84K",0.6476,206
ISO_0018_Ampicillin,ISO_0018,Ampicillin,33.82,5.67,Blood,Low,"gyrA,parC,blaTEM,tetA","gyrA_S83L,parC_S80I,parC_E84K",0.5681,206
ISO_0018_Tetracycline,ISO_0018,Tetracycline,33.49,7.57,LB,Medium,"gyrA,parC,blaTEM,tetA","gyrA_S83L,parC_S80I,parC_E84K",0.5351,206
ISO_0019_Ciprofloxacin,ISO_0019,Ciprofloxacin,39.15,8.26,LB,Low,"gyrA,parC,blaTEM,tetA",No_mutation,0.5017,206
ISO_0019_Levofloxacin,ISO_0019,Levofloxacin,34.78,7.8,Blood,Sensitive,"gyrA,parC,blaTEM,tetA",No_mutation,0.4978,206
ISO_0019_Ampicillin,ISO_0019,Ampicillin,38.27,6.55,MHB,Medium,"gyrA,parC,blaTEM,tetA",No_mutation,0.5317,206
ISO_0019_Tetracycline,ISO_0019,Tetracycline,34.3,6.59,Blood,Low,"gyrA,parC,blaTEM,tetA",No_mutation,0.53,206
ISO_0020_Ciprofloxacin,ISO_0020,Ciprofloxacin,35.49,6.24,MHB,Low,"gyrA,parC,blaTEM,tetA",No_mutation,0.4875,206
ISO_0020_Levofloxacin,ISO_0020,Levofloxacin,35.21,8.28,LB,Sensitive,"gyrA,parC,blaTEM,tetA",No_mutation,0.5009,206
ISO_0020_Ampicillin,ISO_0020,Ampicillin,41.51,6.93,Blood,High,"gyrA,parC,blaTEM,tetA",No_mutation,0.55,206
ISO_0020_Tetracycline,ISO_0020,Tetracycline,36.41,6.02,LB,Low,"gyrA,parC,blaTEM,tetA",No_mutation,0.5225,206
ISO_0021_Ciprofloxacin,ISO_0021,Ciprofloxacin,38.0,7.16,LB,Sensitive,"gyrA,parC,blaTEM,tetA",No_mutation,0.4684,206
ISO_0021_Levofloxacin,ISO_0021,Levofloxacin,31.17,6.5,LB,Low,"gyrA,parC,blaTEM,tetA",No_mutation,0.5137,206
ISO_0021_Ampicillin,ISO_0021,Ampicillin,31.47,8.43,Blood,High,"gyrA,parC,blaTEM,tetA",No_mutation,0.5875,206
ISO_0021_Tetracycline,ISO_0021,Tetracycline,31.41,8.01,MHB,Low,"gyrA,parC,blaTEM,tetA",No_mutation,0.5622,206
ISO_0022_Ciprofloxacin,ISO_0022,Ciprofloxacin,38.33,7.29,Blood,Low,"gyrA,parC,blaTEM,tetA",gyrA_S83L,0.5531,206
ISO_0022_Levofloxacin,ISO_0022,Levofloxacin,37.63,8.01,Blood,Low,"gyrA,parC,blaTEM,tetA",gyrA_S83L,0.5653,206
ISO_0022_Ampicillin,ISO_0022,Ampicillin,35.5,6.7,Blood,Medium,"gyrA,parC,blaTEM,tetA",gyrA_S83L,0.5327,206
ISO_0022_Tetracycline,ISO_0022,Tetracycline,40.47,7.85,Blood,Low,"gyrA,parC,blaTEM,tetA",gyrA_S83L,0.5456,206
ISO_0023_Ciprofloxacin,ISO_0023,Ciprofloxacin,35.56,6.78,MHB,High,"gyrA,parC,blaTEM,tetA","gyrA_S83L,gyrA_D87N,parC_S80I",0.6328,206
ISO_0023_Levofloxacin,ISO_0023,Levofloxacin,32.56,6.36,LB,High,"gyrA,parC,blaTEM,tetA","gyrA_S83L,gyrA_D87N,parC_S80I",0.6616,206
ISO_0023_Ampicillin,ISO_0023,Ampicillin,36.04,7.72,Blood,Sensitive,"gyrA,parC,blaTEM,tetA","gyrA_S83L,gyrA_D87N,parC_S80I",0.5381,206
ISO_0023_Tetracycline,ISO_0023,Tetracycline,35.37,8.3,LB,Medium,"gyrA,parC,blaTEM,tetA","gyrA_S83L,gyrA_D87N,parC_S80I",0.5375,206
ISO_0024_Ciprofloxacin,ISO_0024,Ciprofloxacin,41.19,6.41,LB,High,"gyrA,parC,blaTEM,tetA","gyrA_S83L,parC_S80I",0.6211,206
ISO_0024_Levofloxacin,ISO_0024,Levofloxacin,40.04,7.92,LB,Medium,"gyrA,parC,blaTEM,tetA","gyrA_S83L,parC_S80I",0.6213,206
ISO_0024_Ampicillin,ISO_0024,Ampicillin,40.53,7.93,Minimal,Low,"gyrA,parC,blaTEM,tetA","gyrA_S83L,parC_S80I",0.5645,206
ISO_0024_Tetracycline,ISO_0024,Tetracycline,40.8,8.07,Minimal,High,"gyrA,parC,blaTEM,tetA","gyrA_S83L,parC_S80I",0.5556,206
ISO_0025_Ciprofloxacin,ISO_0025,Ciprofloxacin,40.6,5.97,MHB,High,"gyrA,parC,blaTEM,tetA","gyrA_S83L,parC_S80I",0.628,206
ISO_0025_Levofloxacin,ISO_0025,Levofloxacin,39.13,7.15,MHB,Medium,"gyrA,parC,blaTEM,tetA","gyrA_S83L,parC_S80I",0.6001,206
ISO_0025_Ampicillin,ISO_0025,Ampicillin,35.71,8.21,LB,Low,"gyrA,parC,blaTEM,tetA","gyrA_S83L,parC_S80I",0.547,206
ISO_0025_Tetracycline,ISO_0025,Tetracycline,34.95,8.58,MHB,Medium,"gyrA,parC,blaTEM,tetA","gyrA_S83L,parC_S80I",0.5486,206
ISO_0026_Ciprofloxacin,ISO_0026,Ciprofloxacin,38.33,7.42,Minimal,Medium,"gyrA,parC,blaTEM,tetA","gyrA_S83L,parC_S80I",0.604,206
ISO_0026_Levofloxacin,ISO_0026,Levofloxacin,39.81,6.35,Minimal,Medium,"gyrA,parC,blaTEM,tetA","gyrA_S83L,parC_S80I",0.6208,206
ISO_0026_Ampicillin,ISO_0026,Ampicillin,34.75,7.13,LB,Sensitive,"gyrA,parC,blaTEM,tetA","gyrA_S83L,parC_S80I",0.53,206
ISO_0026_Tetracycline,ISO_0026,Tetracycline,41.52,5.62,LB,Low,"gyrA,parC,blaTEM,tetA","gyrA_S83L,parC_S80I",0.5607,206
ISO_0027_Ciprofloxacin,ISO_0027,Ciprofloxacin,39.85,7.65,Minimal,High,"gyrA,parC,blaTEM,tetA","gyrA_S83L,gyrA_D87N,parC_S80I",0.6563,206
ISO_0027_Levofloxacin,ISO_0027,Levofloxacin,34.25,7.9,LB,High,"gyrA,parC,blaTEM,tetA","gyrA_S83L,gyrA_D87N,parC_S80I",0.6555,206
ISO_0027_Ampicillin,ISO_0027,Ampicillin,32.24,7.72,Blood,Low,"gyrA,parC,blaTEM,tetA","gyrA_S83L,gyrA_D87N,parC_S80I",0.5663,206
ISO_0027_Tetracycline,ISO_0027,Tetracycline,33.53,5.8,Minimal,Low,"gyrA,parC,blaTEM,tetA","gyrA_S83L,gyrA_D87N,parC_S80I",0.556,206
ISO_0028_Ciprofloxacin,ISO_0028,Ciprofloxacin,39.62,6.77,Minimal,Low,"gyrA,parC,blaTEM,tetA",No_mutation,0.4893,206
ISO_0028_Levofloxacin,ISO_0028,Levofloxacin,41.2,6.12,MHB,Sensitive,"gyrA,parC,blaTEM,tetA",No_mutation,0.5118,206
ISO_0028_Ampicillin,ISO_0028,Ampicillin,30.86,6.0,Minimal,Low,"gyrA,parC,blaTEM,tetA",No_mutation,0.5852,206
ISO_0028_Tetracycline,ISO_0028,Tetracycline,33.85,6.2,MHB,Low,"gyrA,parC,blaTEM,tetA",No_mutation,0.5394,206
ISO_0029_Ciprofloxacin,ISO_0029,Ciprofloxacin,38.8,6.36,MHB,Sensitive,"gyrA,parC,blaTEM,tetA",No_mutation,0.487,206
ISO_0029_Levofloxacin,ISO_0029,Levofloxacin,33.27,5.86,MHB,Sensitive,"gyrA,parC,blaTEM,tetA",No_mutation,0.5141,206
ISO_0029_Ampicillin,ISO_0029,Ampicillin,37.52,7.64,Minimal,Medium,"gyrA,parC,blaTEM,tetA",No_mutation,0.5357,206
ISO_0029_Tetracycline,ISO_0029,Tetracycline,35.56,5.86,Minimal,Medium,"gyrA,parC,blaTEM,tetA",No_mutation,0.5396,206
ISO_0030_Ciprofloxacin,ISO_0030,Ciprofloxacin,31.22,5.71,LB,High,"gyrA,parC,blaTEM,tetA","gyrA_S83L,parC_S80I",0.6468,206
ISO_0030_Levofloxacin,ISO_0030,Levofloxacin,35.46,8.06,Blood,Medium,"gyrA,parC,blaTEM,tetA","gyrA_S83L,parC_S80I",0.6179,206
ISO_0030_Ampicillin,ISO_0030,Ampicillin,34.41,7.57,Minimal,High,"gyrA,parC,blaTEM,tetA","gyrA_S83L,parC_S80I",0.5496,206
ISO_0030_Tetracycline,ISO_0030,Tetracycline,39.13,8.38,Minimal,Low,"gyrA,parC,blaTEM,tetA","gyrA_S83L,parC_S80I",0.5501,206
ISO_0031_Ciprofloxacin,ISO_0031,Ciprofloxacin,38.11,8.2,Minimal,Low,"gyrA,parC,blaTEM,tetA",No_mutation,0.4998,206
ISO_0031_Levofloxacin,ISO_0031,Levofloxacin,36.8,8.22,Blood,Sensitive,"gyrA,parC,blaTEM,tetA",No_mutation,0.4921,206
ISO_0031_Ampicillin,ISO_0031,Ampicillin,33.66,8.34,MHB,Low,"gyrA,parC,blaTEM,tetA",No_mutation,0.5669,206
ISO_0031_Tetracycline,ISO_0031,Tetracycline,30.61,7.07,LB,Medium,"gyrA,parC,blaTEM,tetA",No_mutation,0.5454,206
ISO_0032_Ciprofloxacin,ISO_0032,Ciprofloxacin,35.9,6.92,LB,Sensitive,"gyrA,parC,blaTEM,tetA",No_mutation,0.4674,206
ISO_0032_Levofloxacin,ISO_0032,Levofloxacin,37.02,5.9,MHB,Sensitive,"gyrA,parC,blaTEM,tetA",No_mutation,0.4854,206
ISO_0032_Ampicillin,ISO_0032,Ampicillin,41.37,6.87,LB,Medium,"gyrA,parC,blaTEM,tetA",No_mutation,0.5459,206
ISO_0032_Tetracycline,ISO_0032,Tetracycline,38.19,6.46,MHB,Sensitive,"gyrA,parC,blaTEM,tetA",No_mutation,0.5189,206
ISO_0033_Ciprofloxacin,ISO_0033,Ciprofloxacin,34.14,6.94,MHB,High,"gyrA,parC,blaTEM,tetA","gyrA_S83L,gyrA_D87N,parC_S80I",0.6393,206
ISO_0033_Levofloxacin,ISO_0033,Levofloxacin,31.14,7.58,Blood,High,"gyrA,parC,blaTEM,tetA","gyrA_S83L,gyrA_D87N,parC_S80I",0.6738,206
ISO_0033_Ampicillin,ISO_0033,Ampicillin,37.29,6.17,Minimal,Sensitive,"gyrA,parC,blaTEM,tetA","gyrA_S83L,gyrA_D87N,parC_S80I",0.5383,206
ISO_0033_Tetracycline,ISO_0033,Tetracycline,34.37,6.29,Minimal,Medium,"gyrA,parC,blaTEM,tetA","gyrA_S83L,gyrA_D87N,parC_S80I",0.5389,206
ISO_0034_Ciprofloxacin,ISO_0034,Ciprofloxacin,41.27,6.03,Blood,Low,"gyrA,parC,blaTEM,tetA",No_mutation,0.5156,206
ISO_0034_Levofloxacin,ISO_0034,Levofloxacin,40.08,6.14,LB,Low,"gyrA,parC,blaTEM,tetA",No_mutation,0.5011,206
ISO_0034_Ampicillin,ISO_0034,Ampicillin,41.45,7.91,MHB,Low,"gyrA,parC,blaTEM,tetA",No_mutation,0.5656,206
ISO_0034_Tetracycline,ISO_0034,Tetracycline,32.11,6.84,LB,Low,"gyrA,parC,blaTEM,tetA",No_mutation,0.5363,206
ISO_0035_Ciprofloxacin,ISO_0035,Ciprofloxacin,36.97,5.72,Minimal,High,"gyrA,parC,blaTEM,tetA","gyrA_S83L,parC_S80I",0.6131,206
ISO_0035_Levofloxacin,ISO_0035,Levofloxacin,31.95,7.54,Blood,Medium,"gyrA,parC,blaTEM,tetA","gyrA_S83L,parC_S80I",0.6317,206
ISO_0035_Ampicillin,ISO_0035,Ampicillin,40.13,8.58,LB,High,"gyrA,parC,blaTEM,tetA","gyrA_S83L,parC_S80I",0.5689,206
ISO_0035_Tetracycline,ISO_0035,Tetracycline,33.34,5.99,LB,Low,"gyrA,parC,blaTEM,tetA","gyrA_S83L,parC_S80I",0.5461,206
ISO_0036_Ciprofloxacin,ISO_0036,Ciprofloxacin,41.45,8.41,Minimal,High,"gyrA,parC,blaTEM,tetA","gyrA_S83L,parC_S80I",0.6467,206
ISO_0036_Levofloxacin,ISO_0036,Levofloxacin,38.86,5.61,Blood,Medium,"gyrA,parC,blaTEM,tetA","gyrA_S83L,parC_S80I",0.6272,206
ISO_0036_Ampicillin,ISO_0036,Ampicillin,35.36,8.55,Minimal,High,"gyrA,parC,blaTEM,tetA","gyrA_S83L,parC_S80I",0.5643,206
ISO_0036_Tetracycline,ISO_0036,Tetracycline,37.69,7.35,MHB,Sensitive,"gyrA,parC,blaTEM,tetA","gyrA_S83L,parC_S80I",0.5109,206
ISO_0037_Ciprofloxacin,ISO_0037,Ciprofloxacin,33.12,7.62,Minimal,High,"gyrA,parC,blaTEM,tetA","gyrA_S83L,parC_S80I,parC_E84K",0.6463,206
ISO_0037_Levofloxacin,ISO_0037,Levofloxacin,34.45,6.35,LB,Medium,"gyrA,parC,blaTEM,tetA","gyrA_S83L,parC_S80I,parC_E84K",0.6324,206
ISO_0037_Ampicillin,ISO_0037,Ampicillin,37.57,7.33,LB,Medium,"gyrA,parC,blaTEM,tetA","gyrA_S83L,parC_S80I,parC_E84K",0.522,206
ISO_0037_Tetracycline,ISO_0037,Tetracycline,32.43,7.58,MHB,Medium,"gyrA,parC,blaTEM,tetA","gyrA_S83L,parC_S80I,parC_E84K",0.5451,206
ISO_0038_Ciprofloxacin,ISO_0038,Ciprofloxacin,30.71,8.04,Minimal,Medium,"gyrA,parC,blaTEM,tetA",gyrA_S83L,0.6083,206
ISO_0038_Levofloxacin,ISO_0038,Levofloxacin,36.3,8.11,Blood,Low,"gyrA,parC,blaTEM,tetA",gyrA_S83L,0.568,206
ISO_0038_Ampicillin,ISO_0038,Ampicillin,36.58,5.96,Blood,Medium,"gyrA,parC,blaTEM,tetA",gyrA_S83L,0.5412,206
ISO_0038_Tetracycline,ISO_0038,Tetracycline,37.58,8.02,MHB,Sensitive,"gyrA,parC,blaTEM,tetA",gyrA_S83L,0.5251,206
ISO_0039_Ciprofloxacin,ISO_0039,Ciprofloxacin,34.77,6.91,LB,Medium,"gyrA,parC,blaTEM,tetA","gyrA_S83L,parC_S80I,parC_E84K",0.617,206
ISO_0039_Levofloxacin,ISO_0039,Levofloxacin,35.02,7.9,Blood,High,"gyrA,parC,blaTEM,tetA","gyrA_S83L,parC_S80I,parC_E84K",0.6379,206
ISO_0039_Ampicillin,ISO_0039,Ampicillin,30.2,6.48,LB,Sensitive,"gyrA,parC,blaTEM,tetA","gyrA_S83L,parC_S80I,parC_E84K",0.5725,206
ISO_0039_Tetracycline,ISO_0039,Tetracycline,37.65,7.14,Minimal,Medium,"gyrA,parC,blaTEM,tetA","gyrA_S83L,parC_S80I,parC_E84K",0.5113,206
ISO_0040_Ciprofloxacin,ISO_0040,Ciprofloxacin,31.72,6.55,Blood,Medium,"gyrA,parC,blaTEM,tetA","gyrA_S83L,parC_S80I",0.6301,206
ISO_0040_Levofloxacin,ISO_0040,Levofloxacin,39.59,6.25,MHB,Medium,"gyrA,parC,blaTEM,tetA","gyrA_S83L,parC_S80I",0.6162,206
ISO_0040_Ampicillin,ISO_0040,Ampicillin,34.71,7.57,Minimal,Low,"gyrA,parC,blaTEM,tetA","gyrA_S83L,parC_S80I",0.5473,206
ISO_0040_Tetracycline,ISO_0040,Tetracycline,40.34,6.87,LB,Medium,"gyrA,parC,blaTEM,tetA","gyrA_S83L,parC_S80I",0.524,206
ISO_0041_Ciprofloxacin,ISO_0041,Ciprofloxacin,41.0,6.12,MHB,Medium,"gyrA,parC,blaTEM,tetA",gyrA_S83L,0.5831,206
ISO_0041_Levofloxacin,ISO_0041,Levofloxacin,31.89,8.42,LB,Medium,"gyrA,parC,blaTEM,tetA",gyrA_S83L,0.6025,206
ISO_0041_Ampicillin,ISO_0041,Ampicillin,41.71,6.55,Minimal,Low,"gyrA,parC,blaTEM,tetA",gyrA_S83L,0.5626,206
ISO_0041_Tetracycline,ISO_0041,Tetracycline,30.19,6.61,Minimal,Low,"gyrA,parC,blaTEM,tetA",gyrA_S83L,0.5628,206
ISO_0042_Ciprofloxacin,ISO_0042,Ciprofloxacin,39.6,6.23,Blood,High,"gyrA,parC,blaTEM,tetA","gyrA_S83L,parC_S80I",0.618,206
ISO_0042_Levofloxacin,ISO_0042,Levofloxacin,32.41,6.04,Minimal,Medium,"gyrA,parC,blaTEM,tetA","gyrA_S83L,parC_S80I",0.6397,206
ISO_0042_Ampicillin,ISO_0042,Ampicillin,38.94,6.79,Minimal,Medium,"gyrA,parC,blaTEM,tetA","gyrA_S83L,parC_S80I",0.5367,206
ISO_0042_Tetracycline,ISO_0042,Tetracycline,37.14,5.74,LB,Low,"gyrA,parC,blaTEM,tetA","gyrA_S83L,parC_S80I",0.5254,206
ISO_0043_Ciprofloxacin,ISO_0043,Ciprofloxacin,40.13,7.59,MHB,High,"gyrA,parC,blaTEM,tetA","gyrA_S83L,gyrA_D87N,parC_S80I,parC_E84K",0.6714,206
ISO_0043_Levofloxacin,ISO_0043,Levofloxacin,31.61,6.14,MHB,High,"gyrA,parC,blaTEM,tetA","gyrA_S83L,gyrA_D87N,parC_S80I,parC_E84K",0.6926,206
ISO_0043_Ampicillin,ISO_0043,Ampicillin,39.18,5.64,MHB,Low,"gyrA,parC,blaTEM,tetA","gyrA_S83L,gyrA_D87N,parC_S80I,parC_E84K",0.5588,206
ISO_0043_Tetracycline,ISO_0043,Tetracycline,34.93,7.61,LB,Low,"gyrA,parC,blaTEM,tetA","gyrA_S83L,gyrA_D87N,parC_S80I,parC_E84K",0.5253,206
ISO_0044_Ciprofloxacin,ISO_0044,Ciprofloxacin,31.93,7.34,LB,High,"gyrA,parC,blaTEM,tetA","gyrA_S83L,gyrA_D87N,parC_S80I",0.6585,206
ISO_0044_Levofloxacin,ISO_0044,Levofloxacin,31.69,7.04,MHB,High,"gyrA,parC,blaTEM,tetA","gyrA_S83L,gyrA_D87N,parC_S80I",0.6569,206
ISO_0044_Ampicillin,ISO_0044,Ampicillin,38.27,7.47,Minimal,Sensitive,"gyrA,parC,blaTEM,tetA","gyrA_S83L,gyrA_D87N,parC_S80I",0.5375,206
ISO_0044_Tetracycline,ISO_0044,Tetracycline,35.37,8.38,Blood,Low,"gyrA,parC,blaTEM,tetA","gyrA_S83L,gyrA_D87N,parC_S80I",0.5437,206
ISO_0045_Ciprofloxacin,ISO_0045,Ciprofloxacin,37.27,7.8,Blood,Medium,"gyrA,parC,blaTEM,tetA","gyrA_S83L,parC_S80I",0.602,206
ISO_0045_Levofloxacin,ISO_0045,Levofloxacin,37.21,7.54,Blood,Medium,"gyrA,parC,blaTEM,tetA","gyrA_S83L,parC_S80I",0.5973,206
ISO_0045_Ampicillin,ISO_0045,Ampicillin,34.94,6.07,Blood,Sensitive,"gyrA,parC,blaTEM,tetA","gyrA_S83L,parC_S80I",0.551,206
ISO_0045_Tetracycline,ISO_0045,Tetracycline,40.8,7.46,LB,Medium,"gyrA,parC,blaTEM,tetA","gyrA_S83L,parC_S80I",0.5348,206
ISO_0046_Ciprofloxacin,ISO_0046,Ciprofloxacin,30.58,7.53,Minimal,Low,"gyrA,parC,blaTEM,tetA",No_mutation,0.5245,206
ISO_0046_Levofloxacin,ISO_0046,Levofloxacin,33.11,8.37,Minimal,Low,"gyrA,parC,blaTEM,tetA",No_mutation,0.5259,206
ISO_0046_Ampicillin,ISO_0046,Ampicillin,35.75,5.63,LB,Medium,"gyrA,parC,blaTEM,tetA",No_mutation,0.5503,206
ISO_0046_Tetracycline,ISO_0046,Tetracycline,39.0,5.9,MHB,Medium,"gyrA,parC,blaTEM,tetA",No_mutation,0.5375,206
ISO_0047_Ciprofloxacin,ISO_0047,Ciprofloxacin,35.23,6.92,LB,Sensitive,"gyrA,parC,blaTEM,tetA",No_mutation,0.4724,206
ISO_0047_Levofloxacin,ISO_0047,Levofloxacin,30.5,5.76,Blood,Low,"gyrA,parC,blaTEM,tetA",No_mutation,0.5398,206
ISO_0047_Ampicillin,ISO_0047,Ampicillin,32.36,7.3,Blood,Medium,"gyrA,parC,blaTEM,tetA",No_mutation,0.5561,206
ISO_0047_Tetracycline,ISO_0047,Tetracycline,38.11,6.29,Minimal,Low,"gyrA,parC,blaTEM,tetA",No_mutation,0.5275,206
ISO_0048_Ciprofloxacin,ISO_0048,Ciprofloxacin,36.68,6.98,LB,Medium,"gyrA,parC,blaTEM,tetA","gyrA_S83L,parC_S80I,parC_E84K",0.6019,206
ISO_0048_Levofloxacin,ISO_0048,Levofloxacin,32.73,7.14,MHB,Medium,"gyrA,parC,blaTEM,tetA","gyrA_S83L,parC_S80I,parC_E84K",0.6354,206
ISO_0048_Ampicillin,ISO_0048,Ampicillin,38.73,8.55,LB,Sensitive,"gyrA,parC,blaTEM,tetA","gyrA_S83L,parC_S80I,parC_E84K",0.5579,206
ISO_0048_Tetracycline,ISO_0048,Tetracycline,38.7,8.58,Blood,Sensitive,"gyrA,parC,blaTEM,tetA","gyrA_S83L,parC_S80I,parC_E84K",0.5487,206
ISO_0049_Ciprofloxacin,ISO_0049,Ciprofloxacin,38.16,6.09,LB,Medium,"gyrA,parC,blaTEM,tetA","gyrA_S83L,parC_S80I",0.6064,206
ISO_0049_Levofloxacin,ISO_0049,Levofloxacin,31.64,5.78,Blood,Medium,"gyrA,parC,blaTEM,tetA","gyrA_S83L,parC_S80I",0.6479,206
ISO_0049_Ampicillin,ISO_0049,Ampicillin,34.01,7.69,Blood,Low,"gyrA,parC,blaTEM,tetA","gyrA_S83L,parC_S80I",0.5525,206
ISO_0049_Tetracycline,ISO_0049,Tetracycline,35.07,7.97,Minimal,Medium,"gyrA,parC,blaTEM,tetA","gyrA_S83L,parC_S80I",0.5395,206
ISO_0050_Ciprofloxacin,ISO_0050,Ciprofloxacin,36.23,6.88,MHB,Medium,"gyrA,parC,blaTEM,tetA","gyrA_S83L,parC_S80I",0.5882,206
ISO_0050_Levofloxacin,ISO_0050,Levofloxacin,41.9,5.83,LB,Medium,"gyrA,parC,blaTEM,tetA","gyrA_S83L,parC_S80I",0.6396,206
ISO_0050_Ampicillin,ISO_0050,Ampicillin,35.58,5.67,LB,Sensitive,"gyrA,parC,blaTEM,tetA","gyrA_S83L,parC_S80I",0.5507,206
ISO_0050_Tetracycline,ISO_0050,Tetracycline,41.47,5.96,LB,High,"gyrA,parC,blaTEM,tetA","gyrA_S83L,parC_S80I",0.5528,206
ISO_0051_Ciprofloxacin,ISO_0051,Ciprofloxacin,31.89,7.61,Blood,Sensitive,"gyrA,parC,blaTEM,tetA",No_mutation,0.5138,206
ISO_0051_Levofloxacin,ISO_0051,Levofloxacin,32.36,6.39,Minimal,Sensitive,"gyrA,parC,blaTEM,tetA",No_mutation,0.5144,206
ISO_0051_Ampicillin,ISO_0051,Ampicillin,41.48,7.69,LB,Low,"gyrA,parC,blaTEM,tetA",No_mutation,0.5591,206
ISO_0051_Tetracycline,ISO_0051,Tetracycline,33.67,7.62,MHB,Medium,"gyrA,parC,blaTEM,tetA",No_mutation,0.5367,206
ISO_0052_Ciprofloxacin,ISO_0052,Ciprofloxacin,39.03,6.58,MHB,Sensitive,"gyrA,parC,blaTEM,tetA",No_mutation,0.4838,206
ISO_0052_Levofloxacin,ISO_0052,Levofloxacin,30.24,7.51,Blood,Sensitive,"gyrA,parC,blaTEM,tetA",No_mutation,0.5254,206
ISO_0052_Ampicillin,ISO_0052,Ampicillin,30.4,5.86,LB,High,"gyrA,parC,blaTEM,tetA",No_mutation,0.5846,206
ISO_0052_Tetracycline,ISO_0052,Tetracycline,34.63,7.45,Minimal,Low,"gyrA,parC,blaTEM,tetA",No_mutation,0.5311,206
ISO_0053_Ciprofloxacin,ISO_0053,Ciprofloxacin,36.42,5.77,Minimal,High,"gyrA,parC,blaTEM,tetA","gyrA_S83L,parC_S80I,parC_E84K",0.6362,206
ISO_0053_Levofloxacin,ISO_0053,Levofloxacin,33.14,8.21,Blood,High,"gyrA,parC,blaTEM,tetA","gyrA_S83L,parC_S80I,parC_E84K",0.6571,206
ISO_0053_Ampicillin,ISO_0053,Ampicillin,31.69,6.62,MHB,Medium,"gyrA,parC,blaTEM,tetA","gyrA_S83L,parC_S80I,parC_E84K",0.5602,206
ISO_0053_Tetracycline,ISO_0053,Tetracycline,31.39,6.48,MHB,High,"gyrA,parC,blaTEM,tetA","gyrA_S83L,parC_S80I,parC_E84K",0.5514,206
ISO_0054_Ciprofloxacin,ISO_0054,Ciprofloxacin,32.36,5.86,MHB,High,"gyrA,parC,blaTEM,tetA","gyrA_S83L,gyrA_D87N,parC_S80I,parC_E84K",0.692,206
ISO_0054_Levofloxacin,ISO_0054,Levofloxacin,37.16,7.04,LB,High,"gyrA,parC,blaTEM,tetA","gyrA_S83L,gyrA_D87N,parC_S80I,parC_E84K",0.6398,206
ISO_0054_Ampicillin,ISO_0054,Ampicillin,39.46,7.66,Minimal,Low,"gyrA,parC,blaTEM,tetA","gyrA_S83L,gyrA_D87N,parC_S80I,parC_E84K",0.5506,206
ISO_0054_Tetracycline,ISO_0054,Tetracycline,41.65,6.15,MHB,Low,"gyrA,parC,blaTEM,tetA","gyrA_S83L,gyrA_D87N,parC_S80I,parC_E84K",0.5517,206
ISO_0055_Ciprofloxacin,ISO_0055,Ciprofloxacin,30.99,5.9,Blood,Low,"gyrA,parC,blaTEM,tetA",No_mutation,0.5316,206
ISO_0055_Levofloxacin,ISO_0055,Levofloxacin,38.95,6.37,MHB,Sensitive,"gyrA,parC,blaTEM,tetA",No_mutation,0.4893,206
ISO_0055_Ampicillin,ISO_0055,Ampicillin,31.5,8.52,Blood,High,"gyrA,parC,blaTEM,tetA",No_mutation,0.5893,206
ISO_0055_Tetracycline,ISO_0055,Tetracycline,32.38,7.62,Minimal,Low,"gyrA,parC,blaTEM,tetA",No_mutation,0.5517,206
ISO_0056_Ciprofloxacin,ISO_0056,Ciprofloxacin,40.89,8.11,MHB,Low,"gyrA,parC,blaTEM,tetA",No_mutation,0.5132,206
ISO_0056_Levofloxacin,ISO_0056,Levofloxacin,41.86,7.77,MHB,Low,"gyrA,parC,blaTEM,tetA",No_mutation,0.5143,206
ISO_0056_Ampicillin,ISO_0056,Ampicillin,40.16,5.98,Minimal,High,"gyrA,parC,blaTEM,tetA",No_mutation,0.5638,206
ISO_0056_Tetracycline,ISO_0056,Tetracycline,39.0,8.09,Minimal,Low,"gyrA,parC,blaTEM,tetA",No_mutation,0.5427,206
ISO_0057_Ciprofloxacin,ISO_0057,Ciprofloxacin,38.18,8.39,Blood,Low,"gyrA,parC,blaTEM,tetA",No_mutation,0.5019,206
ISO_0057_Levofloxacin,ISO_0057,Levofloxacin,30.31,6.11,LB,Sensitive,"gyrA,parC,blaTEM,tetA",No_mutation,0.5289,206
ISO_0057_Ampicillin,ISO_0057,Ampicillin,30.52,7.41,Blood,Sensitive,"gyrA,parC,blaTEM,tetA",No_mutation,0.5721,206
ISO_0057_Tetracycline,ISO_0057,Tetracycline,37.44,7.87,MHB,Sensitive,"gyrA,parC,blaTEM,tetA",No_mutation,0.5207,206
ISO_0058_Ciprofloxacin,ISO_0058,Ciprofloxacin,39.21,6.22,LB,High,"gyrA,parC,blaTEM,tetA","gyrA_S83L,gyrA_D87N,parC_S80I,parC_E84K",0.6675,206
ISO_0058_Levofloxacin,ISO_0058,Levofloxacin,33.14,7.91,MHB,High,"gyrA,parC,blaTEM,tetA","gyrA_S83L,gyrA_D87N,parC_S80I,parC_E84K",0.6837,206
ISO_0058_Ampicillin,ISO_0058,Ampicillin,39.13,5.73,MHB,Low,"gyrA,parC,blaTEM,tetA","gyrA_S83L,gyrA_D87N,parC_S80I,parC_E84K",0.5564,206
ISO_0058_Tetracycline,ISO_0058,Tetracycline,31.46,6.81,Minimal,High,"gyrA,parC,blaTEM,tetA","gyrA_S83L,gyrA_D87N,parC_S80I,parC_E84K",0.5489,206
ISO_0059_Ciprofloxacin,ISO_0059,Ciprofloxacin,31.87,5.67,Blood,High,"gyrA,parC,blaTEM,tetA","gyrA_S83L,gyrA_D87N,parC_S80I",0.6825,206
ISO_0059_Levofloxacin,ISO_0059,Levofloxacin,34.61,7.67,LB,High,"gyrA,parC,blaTEM,tetA","gyrA_S83L,gyrA_D87N,parC_S80I",0.6483,206
ISO_0059_Ampicillin,ISO_0059,Ampicillin,33.57,5.71,Minimal,High,"gyrA,parC,blaTEM,tetA","gyrA_S83L,gyrA_D87N,parC_S80I",0.5717,206
ISO_0059_Tetracycline,ISO_0059,Tetracycline,37.24,5.67,LB,Sensitive,"gyrA,parC,blaTEM,tetA","gyrA_S83L,gyrA_D87N,parC_S80I",0.5277,206
ISO_0060_Ciprofloxacin,ISO_0060,Ciprofloxacin,35.36,6.0,MHB,Sensitive,"gyrA,parC,blaTEM,tetA",No_mutation,0.4939,206
ISO_0060_Levofloxacin,ISO_0060,Levofloxacin,34.74,7.08,Minimal,Sensitive,"gyrA,parC,blaTEM,tetA",No_mutation,0.4847,206
ISO_0060_Ampicillin,ISO_0060,Ampicillin,36.05,6.78,LB,Sensitive,"gyrA,parC,blaTEM,tetA",No_mutation,0.5223,206
ISO_0060_Tetracycline,ISO_0060,Tetracycline,41.57,7.08,MHB,Low,"gyrA,parC,blaTEM,tetA",No_mutation,0.5339,206
ISO_0061_Ciprofloxacin,ISO_0061,Ciprofloxacin,31.18,5.91,MHB,High,"gyrA,parC,blaTEM,tetA","gyrA_S83L,gyrA_D87N,parC_S80I,parC_E84K",0.6985,206
ISO_0061_Levofloxacin,ISO_0061,Levofloxacin,40.61,7.86,MHB,High,"gyrA,parC,blaTEM,tetA","gyrA_S83L,gyrA_D87N,parC_S80I,parC_E84K",0.6811,206
ISO_0061_Ampicillin,ISO_0061,Ampicillin,36.3,8.39,Minimal,Low,"gyrA,parC,blaTEM,tetA","gyrA_S83L,gyrA_D87N,parC_S80I,parC_E84K",0.5538,206
ISO_0061_Tetracycline,ISO_0061,Tetracycline,30.44,6.63,Minimal,Low,"gyrA,parC,blaTEM,tetA","gyrA_S83L,gyrA_D87N,parC_S80I,parC_E84K",0.5605,206
ISO_0062_Ciprofloxacin,ISO_0062,Ciprofloxacin,38.27,6.11,MHB,Low,"gyrA,parC,blaTEM,tetA",No_mutation,0.4886,206
ISO_0062_Levofloxacin,ISO_0062,Levofloxacin,38.71,7.71,MHB,Sensitive,"gyrA,parC,blaTEM,tetA",No_mutation,0.4893,206
ISO_0062_Ampicillin,ISO_0062,Ampicillin,38.33,8.3,LB,Low,"gyrA,parC,blaTEM,tetA",No_mutation,0.5493,206
ISO_0062_Tetracycline,ISO_0062,Tetracycline,40.98,7.09,Minimal,High,"gyrA,parC,blaTEM,tetA",No_mutation,0.5351,206
ISO_0063_Ciprofloxacin,ISO_0063,Ciprofloxacin,38.12,7.71,LB,High,"gyrA,parC,blaTEM,tetA","gyrA_S83L,parC_S80I,parC_E84K",0.6223,206
ISO_0063_Levofloxacin,ISO_0063,Levofloxacin,35.51,7.76,MHB,Medium,"gyrA,parC,blaTEM,tetA","gyrA_S83L,parC_S80I,parC_E84K",0.629,206
ISO_0063_Ampicillin,ISO_0063,Ampicillin,34.42,7.37,Blood,Medium,"gyrA,parC,blaTEM,tetA","gyrA_S83L,parC_S80I,parC_E84K",0.5424,206
ISO_0063_Tetracycline,ISO_0063,Tetracycline,32.22,5.62,Minimal,High,"gyrA,parC,blaTEM,tetA","gyrA_S83L,parC_S80I,parC_E84K",0.5697,206
ISO_0064_Ciprofloxacin,ISO_0064,Ciprofloxacin,41.06,8.14,MHB,Low,"gyrA,parC,blaTEM,tetA",No_mutation,0.5152,206
ISO_0064_Levofloxacin,ISO_0064,Levofloxacin,36.9,7.31,MHB,Sensitive,"gyrA,parC,blaTEM,tetA",No_mutation,0.4683,206
ISO_0064_Ampicillin,ISO_0064,Ampicillin,39.25,5.66,LB,Low,"gyrA,parC,blaTEM,tetA",No_mutation,0.5571,206
ISO_0064_Tetracycline,ISO_0064,Tetracycline,36.82,8.42,Minimal,Low,"gyrA,parC,blaTEM,tetA",No_mutation,0.5365,206
ISO_0065_Ciprofloxacin,ISO_0065,Ciprofloxacin,35.38,7.38,Blood,High,"gyrA,parC,blaTEM,tetA","gyrA_S83L,parC_S80I,parC_E84K",0.6231,206
ISO_0065_Levofloxacin,ISO_0065,Levofloxacin,30.7,8.09,MHB,High,"gyrA,parC,blaTEM,tetA","gyrA_S83L,parC_S80I,parC_E84K",0.6686,206
ISO_0065_Ampicillin,ISO_0065,Ampicillin,33.22,7.3,Blood,Low,"gyrA,parC,blaTEM,tetA","gyrA_S83L,parC_S80I,parC_E84K",0.5497,206
ISO_0065_Tetracycline,ISO_0065,Tetracycline,36.81,6.89,Blood,Medium,"gyrA,parC,blaTEM,tetA","gyrA_S83L,parC_S80I,parC_E84K",0.5045,206
ISO_0066_Ciprofloxacin,ISO_0066,Ciprofloxacin,36.8,6.54,Blood,Medium,"gyrA,parC,blaTEM,tetA","gyrA_S83L,parC_S80I,parC_E84K",0.6148,206
ISO_0066_Levofloxacin,ISO_0066,Levofloxacin,40.78,7.23,Minimal,High,"gyrA,parC,blaTEM,tetA","gyrA_S83L,parC_S80I,parC_E84K",0.6389,206
ISO_0066_Ampicillin,ISO_0066,Ampicillin,39.72,6.41,Minimal,High,"gyrA,parC,blaTEM,tetA","gyrA_S83L,parC_S80I,parC_E84K",0.551,206
ISO_0066_Tetracycline,ISO_0066,Tetracycline,32.69,8.59,Minimal,Low,"gyrA,parC,blaTEM,tetA","gyrA_S83L,parC_S80I,parC_E84K",0.5709,206
ISO_0067_Ciprofloxacin,ISO_0067,Ciprofloxacin,39.41,5.98,Blood,Sensitive,"gyrA,parC,blaTEM,tetA",No_mutation,0.5028,206
ISO_0067_Levofloxacin,ISO_0067,Levofloxacin,41.52,5.76,Blood,Low,"gyrA,parC,blaTEM,tetA",No_mutation,0.525,206
ISO_0067_Ampicillin,ISO_0067,Ampicillin,41.35,8.1,Minimal,Low,"gyrA,parC,blaTEM,tetA",No_mutation,0.5743,206
ISO_0067_Tetracycline,ISO_0067,Tetracycline,35.2,7.06,LB,Sensitive,"gyrA,parC,blaTEM,tetA",No_mutation,0.5109,206
ISO_0068_Ciprofloxacin,ISO_0068,Ciprofloxacin,38.8,7.85,Minimal,Medium,"gyrA,parC,blaTEM,tetA","gyrA_S83L,parC_S80I",0.6165,206
ISO_0068_Levofloxacin,ISO_0068,Levofloxacin,39.78,5.7,Blood,Medium,"gyrA,parC,blaTEM,tetA","gyrA_S83L,parC_S80I",0.6317,206
ISO_0068_Ampicillin,ISO_0068,Ampicillin,39.19,8.57,Minimal,High,"gyrA,parC,blaTEM,tetA","gyrA_S83L,parC_S80I",0.5688,206
ISO_0068_Tetracycline,ISO_0068,Tetracycline,37.08,6.81,Minimal,Low,"gyrA,parC,blaTEM,tetA","gyrA_S83L,parC_S80I",0.5081,206
ISO_0069_Ciprofloxacin,ISO_0069,Ciprofloxacin,36.33,5.92,LB,High,"gyrA,parC,blaTEM,tetA","gyrA_S83L,parC_S80I,parC_E84K",0.627,206
ISO_0069_Levofloxacin,ISO_0069,Levofloxacin,40.39,6.14,MHB,High,"gyrA,parC,blaTEM,tetA","gyrA_S83L,parC_S80I,parC_E84K",0.6443,206
ISO_0069_Ampicillin,ISO_0069,Ampicillin,30.17,6.36,LB,Low,"gyrA,parC,blaTEM,tetA","gyrA_S83L,parC_S80I,parC_E84K",0.5753,206
ISO_0069_Tetracycline,ISO_0069,Tetracycline,35.2,8.39,MHB,High,"gyrA,parC,blaTEM,tetA","gyrA_S83L,parC_S80I,parC_E84K",0.5425,206
ISO_0070_Ciprofloxacin,ISO_0070,Ciprofloxacin,34.04,6.33,Minimal,Low,"gyrA,parC,blaTEM,tetA",No_mutation,0.5017,206
ISO_0070_Levofloxacin,ISO_0070,Levofloxacin,37.38,8.59,Minimal,Low,"gyrA,parC,blaTEM,tetA",No_mutation,0.5045,206
ISO_0070_Ampicillin,ISO_0070,Ampicillin,40.21,7.82,MHB,High,"gyrA,parC,blaTEM,tetA",No_mutation,0.5544,206
ISO_0070_Tetracycline,ISO_0070,Tetracycline,35.2,7.11,Blood,Sensitive,"gyrA,parC,blaTEM,tetA",No_mutation,0.5165,206
ISO_0071_Ciprofloxacin,ISO_0071,Ciprofloxacin,36.7,8.48,Blood,Medium,"gyrA,parC,blaTEM,tetA","gyrA_S83L,parC_S80I",0.6167,206
ISO_0071_Levofloxacin,ISO_0071,Levofloxacin,31.18,5.9,MHB,Medium,"gyrA,parC,blaTEM,tetA","gyrA_S83L,parC_S80I",0.6461,206
ISO_0071_Ampicillin,ISO_0071,Ampicillin,31.71,7.84,Minimal,Low,"gyrA,parC,blaTEM,tetA","gyrA_S83L,parC_S80I",0.5755,206
ISO_0071_Tetracycline,ISO_0071,Tetracycline,38.39,7.86,Blood,Low,"gyrA,parC,blaTEM,tetA","gyrA_S83L,parC_S80I",0.5303,206
ISO_0072_Ciprofloxacin,ISO_0072,Ciprofloxacin,41.38,7.49,Minimal,Medium,"gyrA,parC,blaTEM,tetA",gyrA_S83L,0.5826,206
ISO_0072_Levofloxacin,ISO_0072,Levofloxacin,41.88,8.5,MHB,Medium,"gyrA,parC,blaTEM,tetA",gyrA_S83L,0.6043,206
ISO_0072_Ampicillin,ISO_0072,Ampicillin,31.13,6.35,Minimal,High,"gyrA,parC,blaTEM,tetA",gyrA_S83L,0.5756,206
ISO_0072_Tetracycline,ISO_0072,Tetracycline,41.6,5.99,MHB,High,"gyrA,parC,blaTEM,tetA",gyrA_S83L,0.5549,206
ISO_0073_Ciprofloxacin,ISO_0073,Ciprofloxacin,32.35,6.12,LB,High,"gyrA,parC,blaTEM,tetA","gyrA_S83L,parC_S80I,parC_E84K",0.6504,206
ISO_0073_Levofloxacin,ISO_0073,Levofloxacin,38.81,7.36,Minimal,Medium,"gyrA,parC,blaTEM,tetA","gyrA_S83L,parC_S80I,parC_E84K",0.6279,206
ISO_0073_Ampicillin,ISO_0073,Ampicillin,40.11,8.36,MHB,Low,"gyrA,parC,blaTEM,tetA","gyrA_S83L,parC_S80I,parC_E84K",0.5656,206
ISO_0073_Tetracycline,ISO_0073,Tetracycline,36.37,8.37,Blood,Sensitive,"gyrA,parC,blaTEM,tetA","gyrA_S83L,parC_S80I,parC_E84K",0.536,206
ISO_0074_Ciprofloxacin,ISO_0074,Ciprofloxacin,38.61,6.2,MHB,High,"gyrA,parC,blaTEM,tetA","gyrA_S83L,gyrA_D87N,parC_S80I",0.646,206
ISO_0074_Levofloxacin,ISO_0074,Levofloxacin,35.8,7.07,Minimal,High,"gyrA,parC,blaTEM,tetA","gyrA_S83L,gyrA_D87N,parC_S80I",0.6343,206
ISO_0074_Ampicillin,ISO_0074,Ampicillin,37.9,5.84,LB,Sensitive,"gyrA,parC,blaTEM,tetA","gyrA_S83L,gyrA_D87N,parC_S80I",0.543,206
ISO_0074_Tetracycline,ISO_0074,Tetracycline,35.96,6.69,LB,Medium,"gyrA,parC,blaTEM,tetA","gyrA_S83L,gyrA_D87N,parC_S80I",0.5108,206
ISO_0075_Ciprofloxacin,ISO_0075,Ciprofloxacin,41.69,7.23,LB,Low,"gyrA,parC,blaTEM,tetA",No_mutation,0.4976,206
ISO_0075_Levofloxacin,ISO_0075,Levofloxacin,31.3,6.02,Minimal,Low,"gyrA,parC,blaTEM,tetA",No_mutation,0.5307,206
ISO_0075_Ampicillin,ISO_0075,Ampicillin,38.33,8.47,Blood,Low,"gyrA,parC,blaTEM,tetA",No_mutation,0.5576,206
ISO_0075_Tetracycline,ISO_0075,Tetracycline,38.27,8.54,MHB,Sensitive,"gyrA,parC,blaTEM,tetA",No_mutation,0.5419,206
ISO_0076_Ciprofloxacin,ISO_0076,Ciprofloxacin,31.63,5.63,Blood,Low,"gyrA,parC,blaTEM,tetA",No_mutation,0.5328,206
ISO_0076_Levofloxacin,ISO_0076,Levofloxacin,32.64,6.24,MHB,Low,"gyrA,parC,blaTEM,tetA",No_mutation,0.5103,206
ISO_0076_Ampicillin,ISO_0076,Ampicillin,40.65,6.67,MHB,Low,"gyrA,parC,blaTEM,tetA",No_mutation,0.5467,206
ISO_0076_Tetracycline,ISO_0076,Tetracycline,34.27,6.81,Minimal,High,"gyrA,parC,blaTEM,tetA",No_mutation,0.528,206
ISO_0077_Ciprofloxacin,ISO_0077,Ciprofloxacin,32.18,8.2,Minimal,Low,"gyrA,parC,blaTEM,tetA",No_mutation,0.5276,206
ISO_0077_Levofloxacin,ISO_0077,Levofloxacin,35.82,7.23,Minimal,Sensitive,"gyrA,parC,blaTEM,tetA",No_mutation,0.4799,206
ISO_0077_Ampicillin,ISO_0077,Ampicillin,30.83,8.18,Blood,Low,"gyrA,parC,blaTEM,tetA",No_mutation,0.5867,206
ISO_0077_Tetracycline,ISO_0077,Tetracycline,30.62,7.1,LB,Low,"gyrA,parC,blaTEM,tetA",No_mutation,0.546,206
ISO_0078_Ciprofloxacin,ISO_0078,Ciprofloxacin,37.37,8.46,Minimal,Low,"gyrA,parC,blaTEM,tetA",No_mutation,0.5001,206
ISO_0078_Levofloxacin,ISO_0078,Levofloxacin,36.37,7.03,MHB,Sensitive,"gyrA,parC,blaTEM,tetA",No_mutation,0.4659,206
ISO_0078_Ampicillin,ISO_0078,Ampicillin,32.43,6.43,MHB,Low,"gyrA,parC,blaTEM,tetA",No_mutation,0.5589,206
ISO_0078_Tetracycline,ISO_0078,Tetracycline,38.12,8.1,LB,Low,"gyrA,parC,blaTEM,tetA",No_mutation,0.5292,206
ISO_0079_Ciprofloxacin,ISO_0079,Ciprofloxacin,38.12,6.66,Minimal,Low,"gyrA,parC,blaTEM,tetA",No_mutation,0.4805,206
ISO_0079_Levofloxacin,ISO_0079,Levofloxacin,38.39,5.79,Minimal,Sensitive,"gyrA,parC,blaTEM,tetA",No_mutation,0.5035,206
ISO_0079_Ampicillin,ISO_0079,Ampicillin,32.66,5.66,MHB,Low,"gyrA,parC,blaTEM,tetA",No_mutation,0.5742,206
ISO_0079_Tetracycline,ISO_0079,Tetracycline,33.95,7.31,Minimal,Low,"gyrA,parC,blaTEM,tetA",No_mutation,0.5331,206
ISO_0080_Ciprofloxacin,ISO_0080,Ciprofloxacin,33.22,8.38,MHB,Low,"gyrA,parC,blaTEM,tetA",No_mutation,0.5185,206
ISO_0080_Levofloxacin,ISO_0080,Levofloxacin,40.07,6.26,LB,Sensitive,"gyrA,parC,blaTEM,tetA",No_mutation,0.4984,206
ISO_0080_Ampicillin,ISO_0080,Ampicillin,31.68,6.23,LB,Sensitive,"gyrA,parC,blaTEM,tetA",No_mutation,0.5671,206
ISO_0080_Tetracycline,ISO_0080,Tetracycline,38.56,5.96,Minimal,Low,"gyrA,parC,blaTEM,tetA",No_mutation,0.5383,206
ISO_0081_Ciprofloxacin,ISO_0081,Ciprofloxacin,34.11,8.25,Blood,High,"gyrA,parC,blaTEM,tetA","gyrA_S83L,gyrA_D87N,parC_S80I",0.6662,206
ISO_0081_Levofloxacin,ISO_0081,Levofloxacin,39.24,6.83,Minimal,High,"gyrA,parC,blaTEM,tetA","gyrA_S83L,gyrA_D87N,parC_S80I",0.6436,206
ISO_0081_Ampicillin,ISO_0081,Ampicillin,37.55,6.52,LB,Sensitive,"gyrA,parC,blaTEM,tetA","gyrA_S83L,gyrA_D87N,parC_S80I",0.5252,206
ISO_0081_Tetracycline,ISO_0081,Tetracycline,32.25,7.42,LB,Medium,"gyrA,parC,blaTEM,tetA","gyrA_S83L,gyrA_D87N,parC_S80I",0.541,206
ISO_0082_Ciprofloxacin,ISO_0082,Ciprofloxacin,38.19,7.28,Blood,Low,"gyrA,parC,blaTEM,tetA",gyrA_S83L,0.5518,206
ISO_0082_Levofloxacin,ISO_0082,Levofloxacin,32.4,7.34,Blood,Medium,"gyrA,parC,blaTEM,tetA",gyrA_S83L,0.5797,206
ISO_0082_Ampicillin,ISO_0082,Ampicillin,36.31,7.58,MHB,Medium,"gyrA,parC,blaTEM,tetA",gyrA_S83L,0.5303,206
ISO_0082_Tetracycline,ISO_0082,Tetracycline,33.56,7.57,Blood,Medium,"gyrA,parC,blaTEM,tetA",gyrA_S83L,0.5391,206
ISO_0083_Ciprofloxacin,ISO_0083,Ciprofloxacin,31.37,7.03,LB,Low,"gyrA,parC,blaTEM,tetA",gyrA_S83L,0.5746,206
ISO_0083_Levofloxacin,ISO_0083,Levofloxacin,31.93,7.26,Minimal,Low,"gyrA,parC,blaTEM,tetA",gyrA_S83L,0.584,206
ISO_0083_Ampicillin,ISO_0083,Ampicillin,40.48,7.13,MHB,Medium,"gyrA,parC,blaTEM,tetA",gyrA_S83L,0.541,206
ISO_0083_Tetracycline,ISO_0083,Tetracycline,35.32,7.14,Minimal,Low,"gyrA,parC,blaTEM,tetA",gyrA_S83L,0.519,206
ISO_0084_Ciprofloxacin,ISO_0084,Ciprofloxacin,41.3,6.32,LB,Medium,"gyrA,parC,blaTEM,tetA","gyrA_S83L,parC_S80I",0.6238,206
ISO_0084_Levofloxacin,ISO_0084,Levofloxacin,40.53,7.78,MHB,Medium,"gyrA,parC,blaTEM,tetA","gyrA_S83L,parC_S80I",0.6235,206
ISO_0084_Ampicillin,ISO_0084,Ampicillin,38.36,7.75,LB,Low,"gyrA,parC,blaTEM,tetA","gyrA_S83L,parC_S80I",0.5373,206
ISO_0084_Tetracycline,ISO_0084,Tetracycline,41.15,8.55,LB,Low,"gyrA,parC,blaTEM,tetA","gyrA_S83L,parC_S80I",0.5617,206
ISO_0085_Ciprofloxacin,ISO_0085,Ciprofloxacin,41.36,8.38,MHB,High,"gyrA,parC,blaTEM,tetA","gyrA_S83L,parC_S80I",0.6406,206
ISO_0085_Levofloxacin,ISO_0085,Levofloxacin,41.39,6.49,LB,Medium,"gyrA,parC,blaTEM,tetA","gyrA_S83L,parC_S80I",0.6222,206
ISO_0085_Ampicillin,ISO_0085,Ampicillin,38.97,7.16,LB,Low,"gyrA,parC,blaTEM,tetA","gyrA_S83L,parC_S80I",0.5286,206
ISO_0085_Tetracycline,ISO_0085,Tetracycline,40.96,6.94,MHB,Low,"gyrA,parC,blaTEM,tetA","gyrA_S83L,parC_S80I",0.5289,206
ISO_0086_Ciprofloxacin,ISO_0086,Ciprofloxacin,40.34,6.51,Blood,Sensitive,"gyrA,parC,blaTEM,tetA",No_mutation,0.4978,206
ISO_0086_Levofloxacin,ISO_0086,Levofloxacin,30.28,5.72,Blood,Low,"gyrA,parC,blaTEM,tetA",No_mutation,0.5423,206
ISO_0086_Ampicillin,ISO_0086,Ampicillin,35.2,6.41,LB,Medium,"gyrA,parC,blaTEM,tetA",No_mutation,0.537,206
ISO_0086_Tetracycline,ISO_0086,Tetracycline,37.55,7.98,MHB,Sensitive,"gyrA,parC,blaTEM,tetA",No_mutation,0.524,206
ISO_0087_Ciprofloxacin,ISO_0087,Ciprofloxacin,35.39,6.61,Minimal,Sensitive,"gyrA,parC,blaTEM,tetA",No_mutation,0.4853,206
ISO_0087_Levofloxacin,ISO_0087,Levofloxacin,30.17,7.14,LB,Sensitive,"gyrA,parC,blaTEM,tetA",No_mutation,0.5131,206
ISO_0087_Ampicillin,ISO_0087,Ampicillin,37.3,7.55,Blood,Sensitive,"gyrA,parC,blaTEM,tetA",No_mutation,0.5294,206
ISO_0087_Tetracycline,ISO_0087,Tetracycline,41.2,7.35,LB,Low,"gyrA,parC,blaTEM,tetA",No_mutation,0.5354,206
ISO_0088_Ciprofloxacin,ISO_0088,Ciprofloxacin,36.22,7.59,Minimal,Low,"gyrA,parC,blaTEM,tetA",No_mutation,0.4836,206
ISO_0088_Levofloxacin,ISO_0088,Levofloxacin,30.65,6.89,LB,Low,"gyrA,parC,blaTEM,tetA",No_mutation,0.5088,206
ISO_0088_Ampicillin,ISO_0088,Ampicillin,31.55,8.33,Minimal,Low,"gyrA,parC,blaTEM,tetA",No_mutation,0.5874,206
ISO_0088_Tetracycline,ISO_0088,Tetracycline,35.58,6.92,Blood,Medium,"gyrA,parC,blaTEM,tetA",No_mutation,0.513,206
ISO_0089_Ciprofloxacin,ISO_0089,Ciprofloxacin,34.64,7.59,Minimal,Medium,"gyrA,parC,blaTEM,tetA",gyrA_S83L,0.57,206
ISO_0089_Levofloxacin,ISO_0089,Levofloxacin,31.48,5.7,Blood,Medium,"gyrA,parC,blaTEM,tetA",gyrA_S83L,0.6072,206
ISO_0089_Ampicillin,ISO_0089,Ampicillin,36.14,7.18,LB,Medium,"gyrA,parC,blaTEM,tetA",gyrA_S83L,0.5208,206
ISO_0089_Tetracycline,ISO_0089,Tetracycline,33.16,5.85,Minimal,High,"gyrA,parC,blaTEM,tetA",gyrA_S83L,0.5577,206
ISO_0090_Ciprofloxacin,ISO_0090,Ciprofloxacin,34.64,6.33,Blood,Low,"gyrA,parC,blaTEM,tetA",gyrA_S83L,0.5691,206
ISO_0090_Levofloxacin,ISO_0090,Levofloxacin,30.16,6.19,LB,Medium,"gyrA,parC,blaTEM,tetA",gyrA_S83L,0.6018,206
ISO_0090_Ampicillin,ISO_0090,Ampicillin,31.9,7.33,LB,Low,"gyrA,parC,blaTEM,tetA",gyrA_S83L,0.5557,206
ISO_0090_Tetracycline,ISO_0090,Tetracycline,41.91,8.22,Blood,Low,"gyrA,parC,blaTEM,tetA",gyrA_S83L,0.5645,206
ISO_0091_Ciprofloxacin,ISO_0091,Ciprofloxacin,41.08,8.07,LB,Low,"gyrA,parC,blaTEM,tetA",No_mutation,0.5119,206
ISO_0091_Levofloxacin,ISO_0091,Levofloxacin,35.46,5.92,Minimal,Low,"gyrA,parC,blaTEM,tetA",No_mutation,0.5017,206
ISO_0091_Ampicillin,ISO_0091,Ampicillin,33.59,7.31,LB,Sensitive,"gyrA,parC,blaTEM,tetA",No_mutation,0.5427,206
ISO_0091_Tetracycline,ISO_0091,Tetracycline,39.2,7.11,MHB,Low,"gyrA,parC,blaTEM,tetA",No_mutation,0.5168,206
ISO_0092_Ciprofloxacin,ISO_0092,Ciprofloxacin,36.49,7.84,LB,Medium,"gyrA,parC,blaTEM,tetA","gyrA_S83L,parC_S80I",0.6002,206
ISO_0092_Levofloxacin,ISO_0092,Levofloxacin,39.63,6.09,LB,Medium,"gyrA,parC,blaTEM,tetA","gyrA_S83L,parC_S80I",0.6182,206
ISO_0092_Ampicillin,ISO_0092,Ampicillin,37.59,6.58,LB,Medium,"gyrA,parC,blaTEM,tetA","gyrA_S83L,parC_S80I",0.5241,206
ISO_0092_Tetracycline,ISO_0092,Tetracycline,37.93,6.77,Blood,Sensitive,"gyrA,parC,blaTEM,tetA","gyrA_S83L,parC_S80I",0.5127,206
ISO_0093_Ciprofloxacin,ISO_0093,Ciprofloxacin,41.57,6.64,MHB,High,"gyrA,parC,blaTEM,tetA","gyrA_S83L,gyrA_D87N,parC_S80I",0.6571,206
ISO_0093_Levofloxacin,ISO_0093,Levofloxacin,36.29,7.12,LB,High,"gyrA,parC,blaTEM,tetA","gyrA_S83L,gyrA_D87N,parC_S80I",0.6252,206
ISO_0093_Ampicillin,ISO_0093,Ampicillin,30.56,7.05,Blood,Low,"gyrA,parC,blaTEM,tetA","gyrA_S83L,gyrA_D87N,parC_S80I",0.5639,206
ISO_0093_Tetracycline,ISO_0093,Tetracycline,34.64,5.97,Minimal,High,"gyrA,parC,blaTEM,tetA","gyrA_S83L,gyrA_D87N,parC_S80I",0.544,206
ISO_0094_Ciprofloxacin,ISO_0094,Ciprofloxacin,34.41,6.56,Blood,Sensitive,"gyrA,parC,blaTEM,tetA",No_mutation,0.4911,206
ISO_0094_Levofloxacin,ISO_0094,Levofloxacin,38.03,6.11,Blood,Sensitive,"gyrA,parC,blaTEM,tetA",No_mutation,0.4909,206
ISO_0094_Ampicillin,ISO_0094,Ampicillin,34.79,7.85,LB,Medium,"gyrA,parC,blaTEM,tetA",No_mutation,0.5459,206
ISO_0094_Tetracycline,ISO_0094,Tetracycline,36.79,7.75,Minimal,Low,"gyrA,parC,blaTEM,tetA",No_mutation,0.5217,206
ISO_0095_Ciprofloxacin,ISO_0095,Ciprofloxacin,39.99,6.05,Blood,Low,"gyrA,parC,blaTEM,tetA",No_mutation,0.5056,206
ISO_0095_Levofloxacin,ISO_0095,Levofloxacin,30.76,7.93,LB,Sensitive,"gyrA,parC,blaTEM,tetA",No_mutation,0.5264,206
ISO_0095_Ampicillin,ISO_0095,Ampicillin,40.64,6.95,Blood,Medium,"gyrA,parC,blaTEM,tetA",No_mutation,0.5431,206
ISO_0095_Tetracycline,ISO_0095,Tetracycline,37.35,6.29,LB,Sensitive,"gyrA,parC,blaTEM,tetA",No_mutation,0.5146,206
ISO_0096_Ciprofloxacin,ISO_0096,Ciprofloxacin,32.83,7.16,Minimal,Medium,"gyrA,parC,blaTEM,tetA",gyrA_S83L,0.5738,206
ISO_0096_Levofloxacin,ISO_0096,Levofloxacin,40.18,6.19,LB,Low,"gyrA,parC,blaTEM,tetA",gyrA_S83L,0.5752,206
ISO_0096_Ampicillin,ISO_0096,Ampicillin,32.79,6.73,Blood,Low,"gyrA,parC,blaTEM,tetA",gyrA_S83L,0.5522,206
ISO_0096_Tetracycline,ISO_0096,Tetracycline,36.81,7.88,Blood,Low,"gyrA,parC,blaTEM,tetA",gyrA_S83L,0.5218,206
ISO_0097_Ciprofloxacin,ISO_0097,Ciprofloxacin,32.4,8.14,Minimal,High,"gyrA,parC,blaTEM,tetA","gyrA_S83L,parC_S80I",0.6422,206
ISO_0097_Levofloxacin,ISO_0097,Levofloxacin,38.01,5.89,Minimal,Medium,"gyrA,parC,blaTEM,tetA","gyrA_S83L,parC_S80I",0.6178,206
ISO_0097_Ampicillin,ISO_0097,Ampicillin,34.67,8.05,Minimal,Medium,"gyrA,parC,blaTEM,tetA","gyrA_S83L,parC_S80I",0.5583,206
ISO_0097_Tetracycline,ISO_0097,Tetracycline,34.54,7.0,Blood,Sensitive,"gyrA,parC,blaTEM,tetA","gyrA_S83L,parC_S80I",0.519,206
ISO_0098_Ciprofloxacin,ISO_0098,Ciprofloxacin,41.2,8.09,Blood,Low,"gyrA,parC,blaTEM,tetA",No_mutation,0.5178,206
ISO_0098_Levofloxacin,ISO_0098,Levofloxacin,30.3,8.56,Blood,Low,"gyrA,parC,blaTEM,tetA",No_mutation,0.5484,206
ISO_0098_Ampicillin,ISO_0098,Ampicillin,30.36,6.28,LB,Medium,"gyrA,parC,blaTEM,tetA",No_mutation,0.5757,206
ISO_0098_Tetracycline,ISO_0098,Tetracycline,40.16,7.92,Blood,Medium,"gyrA,parC,blaTEM,tetA",No_mutation,0.5448,206
ISO_0099_Ciprofloxacin,ISO_0099,Ciprofloxacin,35.14,7.38,Minimal,High,"gyrA,parC,blaTEM,tetA","gyrA_S83L,parC_S80I,parC_E84K",0.6273,206
ISO_0099_Levofloxacin,ISO_0099,Levofloxacin,41.9,6.91,MHB,High,"gyrA,parC,blaTEM,tetA","gyrA_S83L,parC_S80I,parC_E84K",0.6388,206
ISO_0099_Ampicillin,ISO_0099,Ampicillin,41.29,8.46,Blood,High,"gyrA,parC,blaTEM,tetA","gyrA_S83L,parC_S80I,parC_E84K",0.5791,206
ISO_0099_Tetracycline,ISO_0099,Tetracycline,30.76,6.34,LB,Medium,"gyrA,parC,blaTEM,tetA","gyrA_S83L,parC_S80I,parC_E84K",0.5574,206
ISO_0100_Ciprofloxacin,ISO_0100,Ciprofloxacin,38.75,7.32,MHB,Medium,"gyrA,parC,blaTEM,tetA","gyrA_S83L,parC_S80I",0.5997,206
ISO_0100_Levofloxacin,ISO_0100,Levofloxacin,34.25,6.13,Blood,Medium,"gyrA,parC,blaTEM,tetA","gyrA_S83L,parC_S80I",0.6225,206
ISO_0100_Ampicillin,ISO_0100,Ampicillin,33.15,8.04,LB,Low,"gyrA,parC,blaTEM,tetA","gyrA_S83L,parC_S80I",0.5622,206
ISO_0100_Tetracycline,ISO_0100,Tetracycline,39.63,6.79,MHB,Low,"gyrA,parC,blaTEM,tetA","gyrA_S83L,parC_S80I",0.5223,206
ISO_0101_Ciprofloxacin,ISO_0101,Ciprofloxacin,40.53,7.05,Blood,Medium,"gyrA,parC,blaTEM,tetA",gyrA_S83L,0.564,206
ISO_0101_Levofloxacin,ISO_0101,Levofloxacin,40.48,6.4,Minimal,Medium,"gyrA,parC,blaTEM,tetA",gyrA_S83L,0.5798,206
ISO_0101_Ampicillin,ISO_0101,Ampicillin,34.66,5.98,LB,Sensitive,"gyrA,parC,blaTEM,tetA",gyrA_S83L,0.5506,206
ISO_0101_Tetracycline,ISO_0101,Tetracycline,30.17,6.56,LB,Low,"gyrA,parC,blaTEM,tetA",gyrA_S83L,0.5569,206
ISO_0102_Ciprofloxacin,ISO_0102,Ciprofloxacin,35.38,7.69,Blood,Medium,"gyrA,parC,blaTEM,tetA","gyrA_S83L,parC_S80I",0.6093,206
ISO_0102_Levofloxacin,ISO_0102,Levofloxacin,38.13,6.3,Minimal,Medium,"gyrA,parC,blaTEM,tetA","gyrA_S83L,parC_S80I",0.6099,206
ISO_0102_Ampicillin,ISO_0102,Ampicillin,34.53,7.63,LB,Medium,"gyrA,parC,blaTEM,tetA","gyrA_S83L,parC_S80I",0.5429,206
ISO_0102_Tetracycline,ISO_0102,Tetracycline,39.13,8.47,LB,Medium,"gyrA,parC,blaTEM,tetA","gyrA_S83L,parC_S80I",0.545,206
ISO_0103_Ciprofloxacin,ISO_0103,Ciprofloxacin,39.21,6.65,LB,High,"gyrA,parC,blaTEM,tetA","gyrA_S83L,gyrA_D87N,parC_S80I,parC_E84K",0.6588,206
ISO_0103_Levofloxacin,ISO_0103,Levofloxacin,30.43,6.48,LB,High,"gyrA,parC,blaTEM,tetA","gyrA_S83L,gyrA_D87N,parC_S80I,parC_E84K",0.6921,206
ISO_0103_Ampicillin,ISO_0103,Ampicillin,33.21,6.15,Minimal,High,"gyrA,parC,blaTEM,tetA","gyrA_S83L,gyrA_D87N,parC_S80I,parC_E84K",0.5647,206
ISO_0103_Tetracycline,ISO_0103,Tetracycline,36.31,7.72,Blood,Medium,"gyrA,parC,blaTEM,tetA","gyrA_S83L,gyrA_D87N,parC_S80I,parC_E84K",0.5219,206
ISO_0104_Ciprofloxacin,ISO_0104,Ciprofloxacin,40.47,6.32,LB,High,"gyrA,parC,blaTEM,tetA","gyrA_S83L,parC_S80I",0.618,206
ISO_0104_Levofloxacin,ISO_0104,Levofloxacin,30.95,5.68,Blood,High,"gyrA,parC,blaTEM,tetA","gyrA_S83L,parC_S80I",0.6547,206
ISO_0104_Ampicillin,ISO_0104,Ampicillin,30.22,7.92,LB,Low,"gyrA,parC,blaTEM,tetA","gyrA_S83L,parC_S80I",0.5811,206
ISO_0104_Tetracycline,ISO_0104,Tetracycline,34.16,7.31,LB,Low,"gyrA,parC,blaTEM,tetA","gyrA_S83L,parC_S80I",0.5243,206
ISO_0105_Ciprofloxacin,ISO_0105,Ciprofloxacin,32.78,7.8,LB,Low,"gyrA,parC,blaTEM,tetA",No_mutation,0.5069,206
ISO_0105_Levofloxacin,ISO_0105,Levofloxacin,34.91,7.32,MHB,Sensitive,"gyrA,parC,blaTEM,tetA",No_mutation,0.4834,206
ISO_0105_Ampicillin,ISO_0105,Ampicillin,31.61,6.66,Minimal,Low,"gyrA,parC,blaTEM,tetA",No_mutation,0.5652,206
ISO_0105_Tetracycline,ISO_0105,Tetracycline,40.4,7.56,Blood,Medium,"gyrA,parC,blaTEM,tetA",No_mutation,0.5386,206
ISO_0106_Ciprofloxacin,ISO_0106,Ciprofloxacin,40.02,6.41,LB,Low,"gyrA,parC,blaTEM,tetA",No_mutation,0.4932,206
ISO_0106_Levofloxacin,ISO_0106,Levofloxacin,35.39,6.11,Minimal,Sensitive,"gyrA,parC,blaTEM,tetA",No_mutation,0.498,206
ISO_0106_Ampicillin,ISO_0106,Ampicillin,39.4,7.45,LB,Sensitive,"gyrA,parC,blaTEM,tetA",No_mutation,0.5383,206
ISO_0106_Tetracycline,ISO_0106,Tetracycline,36.19,5.9,Minimal,Low,"gyrA,parC,blaTEM,tetA",No_mutation,0.534,206
ISO_0107_Ciprofloxacin,ISO_0107,Ciprofloxacin,30.11,7.97,Minimal,Low,"gyrA,parC,blaTEM,tetA",No_mutation,0.5379,206
ISO_0107_Levofloxacin,ISO_0107,Levofloxacin,41.28,7.62,Minimal,Low,"gyrA,parC,blaTEM,tetA",No_mutation,0.5119,206
ISO_0107_Ampicillin,ISO_0107,Ampicillin,40.54,5.72,Blood,High,"gyrA,parC,blaTEM,tetA",No_mutation,0.5697,206
ISO_0107_Tetracycline,ISO_0107,Tetracycline,39.25,8.24,Blood,Low,"gyrA,parC,blaTEM,tetA",No_mutation,0.5452,206
ISO_0108_Ciprofloxacin,ISO_0108,Ciprofloxacin,36.03,5.84,Blood,Low,"gyrA,parC,blaTEM,tetA",No_mutation,0.4951,206
ISO_0108_Levofloxacin,ISO_0108,Levofloxacin,40.49,7.53,Minimal,Low,"gyrA,parC,blaTEM,tetA",No_mutation,0.504,206
ISO_0108_Ampicillin,ISO_0108,Ampicillin,34.62,5.9,Minimal,Low,"gyrA,parC,blaTEM,tetA",No_mutation,0.5598,206
ISO_0108_Tetracycline,ISO_0108,Tetracycline,30.32,5.62,MHB,Low,"gyrA,parC,blaTEM,tetA",No_mutation,0.5784,206
ISO_0109_Ciprofloxacin,ISO_0109,Ciprofloxacin,41.95,8.26,Minimal,High,"gyrA,parC,blaTEM,tetA","gyrA_S83L,parC_S80I",0.6471,206
ISO_0109_Levofloxacin,ISO_0109,Levofloxacin,34.42,8.42,MHB,Medium,"gyrA,parC,blaTEM,tetA","gyrA_S83L,parC_S80I",0.6303,206
ISO_0109_Ampicillin,ISO_0109,Ampicillin,33.33,8.19,Minimal,Low,"gyrA,parC,blaTEM,tetA","gyrA_S83L,parC_S80I",0.5713,206
ISO_0109_Tetracycline,ISO_0109,Tetracycline,41.5,8.4,Blood,Low,"gyrA,parC,blaTEM,tetA","gyrA_S83L,parC_S80I",0.5654,206
ISO_0110_Ciprofloxacin,ISO_0110,Ciprofloxacin,39.8,7.03,Blood,High,"gyrA,parC,blaTEM,tetA","gyrA_S83L,parC_S80I,parC_E84K",0.624,206
ISO_0110_Levofloxacin,ISO_0110,Levofloxacin,32.86,5.96,Minimal,High,"gyrA,parC,blaTEM,tetA","gyrA_S83L,parC_S80I,parC_E84K",0.658,206
ISO_0110_Ampicillin,ISO_0110,Ampicillin,37.39,7.47,Minimal,Low,"gyrA,parC,blaTEM,tetA","gyrA_S83L,parC_S80I,parC_E84K",0.5309,206
ISO_0110_Tetracycline,ISO_0110,Tetracycline,36.89,6.78,MHB,Sensitive,"gyrA,parC,blaTEM,tetA","gyrA_S83L,parC_S80I,parC_E84K",0.5036,206
ISO_0111_Ciprofloxacin,ISO_0111,Ciprofloxacin,31.9,7.01,MHB,Sensitive,"gyrA,parC,blaTEM,tetA",No_mutation,0.4975,206
ISO_0111_Levofloxacin,ISO_0111,Levofloxacin,34.01,5.98,MHB,Sensitive,"gyrA,parC,blaTEM,tetA",No_mutation,0.5059,206
ISO_0111_Ampicillin,ISO_0111,Ampicillin,38.09,6.37,LB,Medium,"gyrA,parC,blaTEM,tetA",No_mutation,0.5326,206
ISO_0111_Tetracycline,ISO_0111,Tetracycline,37.89,8.09,Blood,Sensitive,"gyrA,parC,blaTEM,tetA",No_mutation,0.5317,206
ISO_0112_Ciprofloxacin,ISO_0112,Ciprofloxacin,40.39,6.12,LB,High,"gyrA,parC,blaTEM,tetA","gyrA_S83L,parC_S80I,parC_E84K",0.6417,206
ISO_0112_Levofloxacin,ISO_0112,Levofloxacin,36.26,7.56,LB,Medium,"gyrA,parC,blaTEM,tetA","gyrA_S83L,parC_S80I,parC_E84K",0.6178,206
ISO_0112_Ampicillin,ISO_0112,Ampicillin,39.77,6.16,Minimal,High,"gyrA,parC,blaTEM,tetA","gyrA_S83L,parC_S80I,parC_E84K",0.5569,206
ISO_0112_Tetracycline,ISO_0112,Tetracycline,34.26,6.01,Minimal,Medium,"gyrA,parC,blaTEM,tetA","gyrA_S83L,parC_S80I,parC_E84K",0.5459,206
ISO_0113_Ciprofloxacin,ISO_0113,Ciprofloxacin,37.04,5.88,Minimal,High,"gyrA,parC,blaTEM,tetA","gyrA_S83L,parC_S80I",0.6098,206
ISO_0113_Levofloxacin,ISO_0113,Levofloxacin,34.7,7.7,Blood,Medium,"gyrA,parC,blaTEM,tetA","gyrA_S83L,parC_S80I",0.6157,206
ISO_0113_Ampicillin,ISO_0113,Ampicillin,30.75,7.62,MHB,Low,"gyrA,parC,blaTEM,tetA","gyrA_S83L,parC_S80I",0.5724,206
ISO_0113_Tetracycline,ISO_0113,Tetracycline,33.38,7.01,LB,Sensitive,"gyrA,parC,blaTEM,tetA","gyrA_S83L,parC_S80I",0.5234,206
ISO_0114_Ciprofloxacin,ISO_0114,Ciprofloxacin,32.37,7.59,Minimal,Low,"gyrA,parC,blaTEM,tetA",No_mutation,0.5125,206
ISO_0114_Levofloxacin,ISO_0114,Levofloxacin,33.19,8.14,LB,Sensitive,"gyrA,parC,blaTEM,tetA",No_mutation,0.5129,206
ISO_0114_Ampicillin,ISO_0114,Ampicillin,33.87,6.54,LB,Medium,"gyrA,parC,blaTEM,tetA",No_mutation,0.544,206
ISO_0114_Tetracycline,ISO_0114,Tetracycline,39.62,7.71,LB,Low,"gyrA,parC,blaTEM,tetA",No_mutation,0.5316,206
ISO_0115_Ciprofloxacin,ISO_0115,Ciprofloxacin,39.51,5.65,Minimal,High,"gyrA,parC,blaTEM,tetA","gyrA_S83L,parC_S80I",0.6321,206
ISO_0115_Levofloxacin,ISO_0115,Levofloxacin,35.31,8.5,LB,Medium,"gyrA,parC,blaTEM,tetA","gyrA_S83L,parC_S80I",0.6241,206
ISO_0115_Ampicillin,ISO_0115,Ampicillin,35.47,5.66,LB,Sensitive,"gyrA,parC,blaTEM,tetA","gyrA_S83L,parC_S80I",0.5517,206
ISO_0115_Tetracycline,ISO_0115,Tetracycline,35.4,8.55,MHB,Low,"gyrA,parC,blaTEM,tetA","gyrA_S83L,parC_S80I",0.5446,206
ISO_0116_Ciprofloxacin,ISO_0116,Ciprofloxacin,39.2,7.3,MHB,High,"gyrA,parC,blaTEM,tetA","gyrA_S83L,gyrA_D87N,parC_S80I",0.6397,206
ISO_0116_Levofloxacin,ISO_0116,Levofloxacin,41.83,7.46,LB,High,"gyrA,parC,blaTEM,tetA","gyrA_S83L,gyrA_D87N,parC_S80I",0.6606,206
ISO_0116_Ampicillin,ISO_0116,Ampicillin,39.75,8.04,Blood,Low,"gyrA,parC,blaTEM,tetA","gyrA_S83L,gyrA_D87N,parC_S80I",0.5585,206
ISO_0116_Tetracycline,ISO_0116,Tetracycline,35.32,5.66,Blood,Medium,"gyrA,parC,blaTEM,tetA","gyrA_S83L,gyrA_D87N,parC_S80I",0.5432,206
ISO_0117_Ciprofloxacin,ISO_0117,Ciprofloxacin,31.4,5.88,Blood,Medium,"gyrA,parC,blaTEM,tetA","gyrA_S83L,parC_S80I",0.6462,206
ISO_0117_Levofloxacin,ISO_0117,Levofloxacin,41.39,6.04,Blood,Medium,"gyrA,parC,blaTEM,tetA","gyrA_S83L,parC_S80I",0.6358,206
ISO_0117_Ampicillin,ISO_0117,Ampicillin,35.95,7.25,MHB,Sensitive,"gyrA,parC,blaTEM,tetA","gyrA_S83L,parC_S80I",0.5256,206
ISO_0117_Tetracycline,ISO_0117,Tetracycline,31.03,5.64,Blood,High,"gyrA,parC,blaTEM,tetA","gyrA_S83L,parC_S80I",0.5754,206
ISO_0118_Ciprofloxacin,ISO_0118,Ciprofloxacin,40.51,6.34,Blood,High,"gyrA,parC,blaTEM,tetA","gyrA_S83L,parC_S80I,parC_E84K",0.6422,206
ISO_0118_Levofloxacin,ISO_0118,Levofloxacin,36.12,8.15,Blood,High,"gyrA,parC,blaTEM,tetA","gyrA_S83L,parC_S80I,parC_E84K",0.6354,206
ISO_0118_Ampicillin,ISO_0118,Ampicillin,41.2,7.88,LB,Low,"gyrA,parC,blaTEM,tetA","gyrA_S83L,parC_S80I,parC_E84K",0.5613,206
ISO_0118_Tetracycline,ISO_0118,Tetracycline,35.27,8.25,LB,Low,"gyrA,parC,blaTEM,tetA","gyrA_S83L,parC_S80I,parC_E84K",0.5371,206
ISO_0119_Ciprofloxacin,ISO_0119,Ciprofloxacin,39.82,8.4,MHB,High,"gyrA,parC,blaTEM,tetA","gyrA_S83L,parC_S80I",0.6303,206
ISO_0119_Levofloxacin,ISO_0119,Levofloxacin,33.29,7.78,MHB,Medium,"gyrA,parC,blaTEM,tetA","gyrA_S83L,parC_S80I",0.6248,206
ISO_0119_Ampicillin,ISO_0119,Ampicillin,36.04,5.65,LB,Sensitive,"gyrA,parC,blaTEM,tetA","gyrA_S83L,parC_S80I",0.5477,206
ISO_0119_Tetracycline,ISO_0119,Tetracycline,32.35,8.58,Blood,Medium,"gyrA,parC,blaTEM,tetA","gyrA_S83L,parC_S80I",0.5705,206
ISO_0120_Ciprofloxacin,ISO_0120,Ciprofloxacin,39.06,6.45,MHB,Low,"gyrA,parC,blaTEM,tetA",No_mutation,0.4869,206
ISO_0120_Levofloxacin,ISO_0120,Levofloxacin,40.89,8.48,MHB,Sensitive,"gyrA,parC,blaTEM,tetA",No_mutation,0.523,206
ISO_0120_Ampicillin,ISO_0120,Ampicillin,41.84,8.41,Minimal,Low,"gyrA,parC,blaTEM,tetA",No_mutation,0.5847,206
ISO_0120_Tetracycline,ISO_0120,Tetracycline,34.94,8.25,MHB,High,"gyrA,parC,blaTEM,tetA",No_mutation,0.5413,206
ISO_0121_Ciprofloxacin,ISO_0121,Ciprofloxacin,38.47,7.95,MHB,Medium,"gyrA,parC,blaTEM,tetA",gyrA_S83L,0.5661,206
ISO_0121_Levofloxacin,ISO_0121,Levofloxacin,30.77,8.19,Blood,Medium,"gyrA,parC,blaTEM,tetA",gyrA_S83L,0.6099,206
ISO_0121_Ampicillin,ISO_0121,Ampicillin,41.61,6.45,MHB,Low,"gyrA,parC,blaTEM,tetA",gyrA_S83L,0.5588,206
ISO_0121_Tetracycline,ISO_0121,Tetracycline,39.96,7.23,LB,Medium,"gyrA,parC,blaTEM,tetA",gyrA_S83L,0.5234,206
ISO_0122_Ciprofloxacin,ISO_0122,Ciprofloxacin,37.28,7.89,Minimal,High,"gyrA,parC,blaTEM,tetA","gyrA_S83L,gyrA_D87N,parC_S80I",0.6436,206
ISO_0122_Levofloxacin,ISO_0122,Levofloxacin,39.06,7.26,LB,High,"gyrA,parC,blaTEM,tetA","gyrA_S83L,gyrA_D87N,parC_S80I",0.6376,206
ISO_0122_Ampicillin,ISO_0122,Ampicillin,32.43,6.56,MHB,Medium,"gyrA,parC,blaTEM,tetA","gyrA_S83L,gyrA_D87N,parC_S80I",0.556,206
ISO_0122_Tetracycline,ISO_0122,Tetracycline,34.21,7.4,MHB,Low,"gyrA,parC,blaTEM,tetA","gyrA_S83L,gyrA_D87N,parC_S80I",0.5277,206
ISO_0123_Ciprofloxacin,ISO_0123,Ciprofloxacin,35.56,6.73,Minimal,Medium,"gyrA,parC,blaTEM,tetA","gyrA_S83L,parC_S80I",0.6015,206
ISO_0123_Levofloxacin,ISO_0123,Levofloxacin,38.76,8.21,MHB,Medium,"gyrA,parC,blaTEM,tetA","gyrA_S83L,parC_S80I",0.6201,206
ISO_0123_Ampicillin,ISO_0123,Ampicillin,37.56,7.5,LB,Sensitive,"gyrA,parC,blaTEM,tetA","gyrA_S83L,parC_S80I",0.5257,206
ISO_0123_Tetracycline,ISO_0123,Tetracycline,33.9,7.39,MHB,Medium,"gyrA,parC,blaTEM,tetA","gyrA_S83L,parC_S80I",0.5298,206
ISO_0124_Ciprofloxacin,ISO_0124,Ciprofloxacin,41.48,6.36,Minimal,High,"gyrA,parC,blaTEM,tetA","gyrA_S83L,parC_S80I",0.631,206
ISO_0124_Levofloxacin,ISO_0124,Levofloxacin,33.59,8.55,Blood,Medium,"gyrA,parC,blaTEM,tetA","gyrA_S83L,parC_S80I",0.6413,206
ISO_0124_Ampicillin,ISO_0124,Ampicillin,32.05,8.5,MHB,Low,"gyrA,parC,blaTEM,tetA","gyrA_S83L,parC_S80I",0.5822,206
ISO_0124_Tetracycline,ISO_0124,Tetracycline,34.11,6.96,Minimal,Sensitive,"gyrA,parC,blaTEM,tetA","gyrA_S83L,parC_S80I",0.5258,206
ISO_0125_Ciprofloxacin,ISO_0125,Ciprofloxacin,30.22,7.25,MHB,Low,"gyrA,parC,blaTEM,tetA",No_mutation,0.5155,206
ISO_0125_Levofloxacin,ISO_0125,Levofloxacin,40.08,7.22,Minimal,Sensitive,"gyrA,parC,blaTEM,tetA",No_mutation,0.4939,206
ISO_0125_Ampicillin,ISO_0125,Ampicillin,37.05,6.43,LB,Sensitive,"gyrA,parC,blaTEM,tetA",No_mutation,0.5235,206
ISO_0125_Tetracycline,ISO_0125,Tetracycline,41.33,7.12,Blood,Medium,"gyrA,parC,blaTEM,tetA",No_mutation,0.5357,206
ISO_0126_Ciprofloxacin,ISO_0126,Ciprofloxacin,32.04,6.99,Blood,Low,"gyrA,parC,blaTEM,tetA",No_mutation,0.4992,206
ISO_0126_Levofloxacin,ISO_0126,Levofloxacin,30.96,6.64,Minimal,Low,"gyrA,parC,blaTEM,tetA",No_mutation,0.5193,206
ISO_0126_Ampicillin,ISO_0126,Ampicillin,35.64,7.41,MHB,Sensitive,"gyrA,parC,blaTEM,tetA",No_mutation,0.5315,206
ISO_0126_Tetracycline,ISO_0126,Tetracycline,40.64,6.4,Blood,Medium,"gyrA,parC,blaTEM,tetA",No_mutation,0.5413,206
ISO_0127_Ciprofloxacin,ISO_0127,Ciprofloxacin,30.11,6.45,Minimal,High,"gyrA,parC,blaTEM,tetA","gyrA_S83L,gyrA_D87N,parC_S80I,parC_E84K",0.6996,206
ISO_0127_Levofloxacin,ISO_0127,Levofloxacin,35.21,7.82,Minimal,High,"gyrA,parC,blaTEM,tetA","gyrA_S83L,gyrA_D87N,parC_S80I,parC_E84K",0.6731,206
ISO_0127_Ampicillin,ISO_0127,Ampicillin,41.64,6.03,Blood,Low,"gyrA,parC,blaTEM,tetA","gyrA_S83L,gyrA_D87N,parC_S80I,parC_E84K",0.5709,206
ISO_0127_Tetracycline,ISO_0127,Tetracycline,30.82,5.72,LB,Low,"gyrA,parC,blaTEM,tetA","gyrA_S83L,gyrA_D87N,parC_S80I,parC_E84K",0.5707,206
ISO_0128_Ciprofloxacin,ISO_0128,Ciprofloxacin,33.62,7.42,Blood,Medium,"gyrA,parC,blaTEM,tetA",gyrA_S83L,0.5711,206
ISO_0128_Levofloxacin,ISO_0128,Levofloxacin,30.58,8.59,Minimal,Medium,"gyrA,parC,blaTEM,tetA",gyrA_S83L,0.6223,206
ISO_0128_Ampicillin,ISO_0128,Ampicillin,36.6,6.73,Minimal,Medium,"gyrA,parC,blaTEM,tetA",gyrA_S83L,0.5265,206
ISO_0128_Tetracycline,ISO_0128,Tetracycline,34.24,7.0,Minimal,Sensitive,"gyrA,parC,blaTEM,tetA",gyrA_S83L,0.5239,206
ISO_0129_Ciprofloxacin,ISO_0129,Ciprofloxacin,37.39,8.02,Blood,High,"gyrA,parC,blaTEM,tetA","gyrA_S83L,gyrA_D87N,parC_S80I",0.6446,206
ISO_0129_Levofloxacin,ISO_0129,Levofloxacin,40.55,7.88,MHB,High,"gyrA,parC,blaTEM,tetA","gyrA_S83L,gyrA_D87N,parC_S80I",0.6621,206
ISO_0129_Ampicillin,ISO_0129,Ampicillin,32.36,8.24,Blood,Medium,"gyrA,parC,blaTEM,tetA","gyrA_S83L,gyrA_D87N,parC_S80I",0.5769,206
ISO_0129_Tetracycline,ISO_0129,Tetracycline,39.98,6.0,LB,Low,"gyrA,parC,blaTEM,tetA","gyrA_S83L,gyrA_D87N,parC_S80I",0.5408,206
ISO_0130_Ciprofloxacin,ISO_0130,Ciprofloxacin,31.78,7.49,LB,Low,"gyrA,parC,blaTEM,tetA",No_mutation,0.5074,206
ISO_0130_Levofloxacin,ISO_0130,Levofloxacin,31.66,6.82,MHB,Sensitive,"gyrA,parC,blaTEM,tetA",No_mutation,0.5046,206
ISO_0130_Ampicillin,ISO_0130,Ampicillin,35.93,6.31,LB,Sensitive,"gyrA,parC,blaTEM,tetA",No_mutation,0.5338,206
ISO_0130_Tetracycline,ISO_0130,Tetracycline,37.97,7.15,MHB,Sensitive,"gyrA,parC,blaTEM,tetA",No_mutation,0.5085,206
ISO_0131_Ciprofloxacin,ISO_0131,Ciprofloxacin,39.58,8.08,MHB,High,"gyrA,parC,blaTEM,tetA","gyrA_S83L,parC_S80I,parC_E84K",0.6419,206
ISO_0131_Levofloxacin,ISO_0131,Levofloxacin,38.5,7.95,Minimal,Medium,"gyrA,parC,blaTEM,tetA","gyrA_S83L,parC_S80I,parC_E84K",0.6381,206
ISO_0131_Ampicillin,ISO_0131,Ampicillin,37.76,6.88,Blood,Medium,"gyrA,parC,blaTEM,tetA","gyrA_S83L,parC_S80I,parC_E84K",0.5232,206
ISO_0131_Tetracycline,ISO_0131,Tetracycline,33.11,8.47,MHB,Low,"gyrA,parC,blaTEM,tetA","gyrA_S83L,parC_S80I,parC_E84K",0.5598,206
ISO_0132_Ciprofloxacin,ISO_0132,Ciprofloxacin,31.88,8.54,LB,High,"gyrA,parC,blaTEM,tetA","gyrA_S83L,parC_S80I",0.6474,206
ISO_0132_Levofloxacin,ISO_0132,Levofloxacin,33.85,6.23,Blood,Medium,"gyrA,parC,blaTEM,tetA","gyrA_S83L,parC_S80I",0.6232,206
ISO_0132_Ampicillin,ISO_0132,Ampicillin,36.05,7.33,LB,Sensitive,"gyrA,parC,blaTEM,tetA","gyrA_S83L,parC_S80I",0.5248,206
ISO_0132_Tetracycline,ISO_0132,Tetracycline,30.83,6.24,MHB,Medium,"gyrA,parC,blaTEM,tetA","gyrA_S83L,parC_S80I",0.5609,206
ISO_0133_Ciprofloxacin,ISO_0133,Ciprofloxacin,32.7,7.71,MHB,Low,"gyrA,parC,blaTEM,tetA",No_mutation,0.5073,206
ISO_0133_Levofloxacin,ISO_0133,Levofloxacin,38.81,8.14,Blood,Sensitive,"gyrA,parC,blaTEM,tetA",No_mutation,0.5024,206
ISO_0133_Ampicillin,ISO_0133,Ampicillin,33.94,5.92,MHB,Sensitive,"gyrA,parC,blaTEM,tetA",No_mutation,0.5591,206
ISO_0133_Tetracycline,ISO_0133,Tetracycline,38.41,5.89,LB,Medium,"gyrA,parC,blaTEM,tetA",No_mutation,0.5316,206
ISO_0134_Ciprofloxacin,ISO_0134,Ciprofloxacin,36.46,6.67,Blood,Sensitive,"gyrA,parC,blaTEM,tetA",No_mutation,0.4733,206
ISO_0134_Levofloxacin,ISO_0134,Levofloxacin,30.05,5.97,Blood,Sensitive,"gyrA,parC,blaTEM,tetA",No_mutation,0.5384,206
ISO_0134_Ampicillin,ISO_0134,Ampicillin,32.18,7.16,LB,Sensitive,"gyrA,parC,blaTEM,tetA",No_mutation,0.5499,206
ISO_0134_Tetracycline,ISO_0134,Tetracycline,38.23,6.61,MHB,Medium,"gyrA,parC,blaTEM,tetA",No_mutation,0.5158,206
ISO_0135_Ciprofloxacin,ISO_0135,Ciprofloxacin,33.03,7.31,Minimal,High,"gyrA,parC,blaTEM,tetA","gyrA_S83L,gyrA_D87N,parC_S80I,parC_E84K",0.6762,206
ISO_0135_Levofloxacin,ISO_0135,Levofloxacin,36.12,7.27,Blood,High,"gyrA,parC,blaTEM,tetA","gyrA_S83L,gyrA_D87N,parC_S80I,parC_E84K",0.6536,206
ISO_0135_Ampicillin,ISO_0135,Ampicillin,36.29,8.52,Blood,High,"gyrA,parC,blaTEM,tetA","gyrA_S83L,gyrA_D87N,parC_S80I,parC_E84K",0.5541,206
ISO_0135_Tetracycline,ISO_0135,Tetracycline,31.22,6.33,Blood,High,"gyrA,parC,blaTEM,tetA","gyrA_S83L,gyrA_D87N,parC_S80I,parC_E84K",0.5587,206
ISO_0136_Ciprofloxacin,ISO_0136,Ciprofloxacin,38.31,7.75,Blood,Low,"gyrA,parC,blaTEM,tetA",No_mutation,0.4885,206
ISO_0136_Levofloxacin,ISO_0136,Levofloxacin,40.06,6.45,Blood,Sensitive,"gyrA,parC,blaTEM,tetA",No_mutation,0.4985,206
ISO_0136_Ampicillin,ISO_0136,Ampicillin,40.79,5.76,Minimal,High,"gyrA,parC,blaTEM,tetA",No_mutation,0.5733,206
ISO_0136_Tetracycline,ISO_0136,Tetracycline,34.68,5.92,LB,Sensitive,"gyrA,parC,blaTEM,tetA",No_mutation,0.5377,206
ISO_0137_Ciprofloxacin,ISO_0137,Ciprofloxacin,31.93,5.64,LB,Low,"gyrA,parC,blaTEM,tetA",No_mutation,0.5259,206
ISO_0137_Levofloxacin,ISO_0137,Levofloxacin,40.6,8.47,Minimal,Low,"gyrA,parC,blaTEM,tetA",No_mutation,0.5259,206
ISO_0137_Ampicillin,ISO_0137,Ampicillin,37.81,6.69,LB,Sensitive,"gyrA,parC,blaTEM,tetA",No_mutation,0.5233,206
ISO_0137_Tetracycline,ISO_0137,Tetracycline,30.94,7.34,MHB,Sensitive,"gyrA,parC,blaTEM,tetA",No_mutation,0.5508,206
ISO_0138_Ciprofloxacin,ISO_0138,Ciprofloxacin,33.43,7.85,Minimal,High,"gyrA,parC,blaTEM,tetA","gyrA_S83L,gyrA_D87N,parC_S80I,parC_E84K",0.6841,206
ISO_0138_Levofloxacin,ISO_0138,Levofloxacin,37.47,7.69,Minimal,High,"gyrA,parC,blaTEM,tetA","gyrA_S83L,gyrA_D87N,parC_S80I,parC_E84K",0.6617,206
ISO_0138_Ampicillin,ISO_0138,Ampicillin,33.51,8.28,LB,Sensitive,"gyrA,parC,blaTEM,tetA","gyrA_S83L,gyrA_D87N,parC_S80I,parC_E84K",0.5649,206
ISO_0138_Tetracycline,ISO_0138,Tetracycline,30.31,6.21,MHB,Low,"gyrA,parC,blaTEM,tetA","gyrA_S83L,gyrA_D87N,parC_S80I,parC_E84K",0.5654,206
ISO_0139_Ciprofloxacin,ISO_0139,Ciprofloxacin,33.33,5.71,Blood,High,"gyrA,parC,blaTEM,tetA","gyrA_S83L,gyrA_D87N,parC_S80I",0.6722,206
ISO_0139_Levofloxacin,ISO_0139,Levofloxacin,34.48,8.41,Blood,High,"gyrA,parC,blaTEM,tetA","gyrA_S83L,gyrA_D87N,parC_S80I",0.6682,206
ISO_0139_Ampicillin,ISO_0139,Ampicillin,39.21,7.46,LB,Low,"gyrA,parC,blaTEM,tetA","gyrA_S83L,gyrA_D87N,parC_S80I",0.5371,206
ISO_0139_Tetracycline,ISO_0139,Tetracycline,40.29,8.56,Minimal,Low,"gyrA,parC,blaTEM,tetA","gyrA_S83L,gyrA_D87N,parC_S80I",0.5627,206
ISO_0140_Ciprofloxacin,ISO_0140,Ciprofloxacin,36.91,5.88,LB,Medium,"gyrA,parC,blaTEM,tetA",gyrA_S83L,0.5579,206
ISO_0140_Levofloxacin,ISO_0140,Levofloxacin,37.22,6.27,MHB,Low,"gyrA,parC,blaTEM,tetA",gyrA_S83L,0.5534,206
ISO_0140_Ampicillin,ISO_0140,Ampicillin,35.56,6.32,MHB,Sensitive,"gyrA,parC,blaTEM,tetA",gyrA_S83L,0.5381,206
ISO_0140_Tetracycline,ISO_0140,Tetracycline,30.27,7.43,Blood,Medium,"gyrA,parC,blaTEM,tetA",gyrA_S83L,0.5604,206
ISO_0141_Ciprofloxacin,ISO_0141,Ciprofloxacin,38.79,7.13,Minimal,Medium,"gyrA,parC,blaTEM,tetA","gyrA_S83L,parC_S80I",0.601,206
ISO_0141_Levofloxacin,ISO_0141,Levofloxacin,30.52,7.87,MHB,Medium,"gyrA,parC,blaTEM,tetA","gyrA_S83L,parC_S80I",0.6459,206
ISO_0141_Ampicillin,ISO_0141,Ampicillin,39.9,8.21,Minimal,Low,"gyrA,parC,blaTEM,tetA","gyrA_S83L,parC_S80I",0.5661,206
ISO_0141_Tetracycline,ISO_0141,Tetracycline,36.89,6.03,MHB,Medium,"gyrA,parC,blaTEM,tetA","gyrA_S83L,parC_S80I",0.5205,206
ISO_0142_Ciprofloxacin,ISO_0142,Ciprofloxacin,34.57,7.05,LB,Medium,"gyrA,parC,blaTEM,tetA","gyrA_S83L,parC_S80I",0.597,206
ISO_0142_Levofloxacin,ISO_0142,Levofloxacin,40.25,7.48,MHB,Medium,"gyrA,parC,blaTEM,tetA","gyrA_S83L,parC_S80I",0.6152,206
ISO_0142_Ampicillin,ISO_0142,Ampicillin,39.56,5.79,MHB,Low,"gyrA,parC,blaTEM,tetA","gyrA_S83L,parC_S80I",0.5582,206
ISO_0142_Tetracycline,ISO_0142,Tetracycline,34.99,6.95,Minimal,Medium,"gyrA,parC,blaTEM,tetA","gyrA_S83L,parC_S80I",0.5194,206
ISO_0143_Ciprofloxacin,ISO_0143,Ciprofloxacin,30.08,8.43,Blood,High,"gyrA,parC,blaTEM,tetA","gyrA_S83L,parC_S80I,parC_E84K",0.6806,206
ISO_0143_Levofloxacin,ISO_0143,Levofloxacin,39.61,7.16,Blood,Medium,"gyrA,parC,blaTEM,tetA","gyrA_S83L,parC_S80I,parC_E84K",0.6268,206
ISO_0143_Ampicillin,ISO_0143,Ampicillin,35.11,7.85,Blood,Low,"gyrA,parC,blaTEM,tetA","gyrA_S83L,parC_S80I,parC_E84K",0.5479,206
ISO_0143_Tetracycline,ISO_0143,Tetracycline,30.08,6.34,MHB,Low,"gyrA,parC,blaTEM,tetA","gyrA_S83L,parC_S80I,parC_E84K",0.5642,206
ISO_0144_Ciprofloxacin,ISO_0144,Ciprofloxacin,39.07,5.76,Blood,Medium,"gyrA,parC,blaTEM,tetA",gyrA_S83L,0.5795,206
ISO_0144_Levofloxacin,ISO_0144,Levofloxacin,36.17,8.13,LB,Low,"gyrA,parC,blaTEM,tetA",gyrA_S83L,0.565,206
ISO_0144_Ampicillin,ISO_0144,Ampicillin,36.38,5.61,LB,Low,"gyrA,parC,blaTEM,tetA",gyrA_S83L,0.5461,206
ISO_0144_Tetracycline,ISO_0144,Tetracycline,30.88,6.17,Minimal,High,"gyrA,parC,blaTEM,tetA",gyrA_S83L,0.5674,206
ISO_0145_Ciprofloxacin,ISO_0145,Ciprofloxacin,35.81,5.81,MHB,Medium,"gyrA,parC,blaTEM,tetA",gyrA_S83L,0.5693,206
ISO_0145_Levofloxacin,ISO_0145,Levofloxacin,30.04,7.42,LB,Low,"gyrA,parC,blaTEM,tetA",gyrA_S83L,0.5942,206
ISO_0145_Ampicillin,ISO_0145,Ampicillin,33.45,7.46,LB,Sensitive,"gyrA,parC,blaTEM,tetA",gyrA_S83L,0.5471,206
ISO_0145_Tetracycline,ISO_0145,Tetracycline,34.99,6.13,MHB,Medium,"gyrA,parC,blaTEM,tetA",gyrA_S83L,0.5325,206
ISO_0146_Ciprofloxacin,ISO_0146,Ciprofloxacin,32.57,6.98,LB,Medium,"gyrA,parC,blaTEM,tetA","gyrA_S83L,parC_S80I",0.6107,206
ISO_0146_Levofloxacin,ISO_0146,Levofloxacin,36.89,7.57,LB,Medium,"gyrA,parC,blaTEM,tetA","gyrA_S83L,parC_S80I",0.5929,206
ISO_0146_Ampicillin,ISO_0146,Ampicillin,41.07,7.57,LB,Medium,"gyrA,parC,blaTEM,tetA","gyrA_S83L,parC_S80I",0.5534,206
ISO_0146_Tetracycline,ISO_0146,Tetracycline,36.6,6.52,LB,Sensitive,"gyrA,parC,blaTEM,tetA","gyrA_S83L,parC_S80I",0.5099,206
ISO_0147_Ciprofloxacin,ISO_0147,Ciprofloxacin,39.33,8.19,LB,High,"gyrA,parC,blaTEM,tetA","gyrA_S83L,gyrA_D87N,parC_S80I,parC_E84K",0.6764,206
ISO_0147_Levofloxacin,ISO_0147,Levofloxacin,36.11,6.09,Blood,High,"gyrA,parC,blaTEM,tetA","gyrA_S83L,gyrA_D87N,parC_S80I,parC_E84K",0.6666,206
ISO_0147_Ampicillin,ISO_0147,Ampicillin,38.59,7.8,MHB,Sensitive,"gyrA,parC,blaTEM,tetA","gyrA_S83L,gyrA_D87N,parC_S80I,parC_E84K",0.5419,206
ISO_0147_Tetracycline,ISO_0147,Tetracycline,34.04,8.1,MHB,Sensitive,"gyrA,parC,blaTEM,tetA","gyrA_S83L,gyrA_D87N,parC_S80I,parC_E84K",0.5447,206
ISO_0148_Ciprofloxacin,ISO_0148,Ciprofloxacin,39.19,7.39,Minimal,Medium,"gyrA,parC,blaTEM,tetA",gyrA_S83L,0.5643,206
ISO_0148_Levofloxacin,ISO_0148,Levofloxacin,32.95,5.75,LB,Low,"gyrA,parC,blaTEM,tetA",gyrA_S83L,0.5912,206
ISO_0148_Ampicillin,ISO_0148,Ampicillin,35.29,6.36,MHB,Medium,"gyrA,parC,blaTEM,tetA",gyrA_S83L,0.5392,206
ISO_0148_Tetracycline,ISO_0148,Tetracycline,35.85,6.37,Blood,Medium,"gyrA,parC,blaTEM,tetA",gyrA_S83L,0.5233,206
ISO_0149_Ciprofloxacin,ISO_0149,Ciprofloxacin,31.53,7.14,MHB,Medium,"gyrA,parC,blaTEM,tetA",gyrA_S83L,0.5776,206
ISO_0149_Levofloxacin,ISO_0149,Levofloxacin,39.79,6.69,Blood,Low,"gyrA,parC,blaTEM,tetA",gyrA_S83L,0.5657,206
ISO_0149_Ampicillin,ISO_0149,Ampicillin,41.92,7.28,Minimal,High,"gyrA,parC,blaTEM,tetA",gyrA_S83L,0.5604,206
ISO_0149_Tetracycline,ISO_0149,Tetracycline,33.87,7.85,Minimal,Low,"gyrA,parC,blaTEM,tetA",gyrA_S83L,0.5457,206
ISO_0150_Ciprofloxacin,ISO_0150,Ciprofloxacin,35.16,7.11,LB,Medium,"gyrA,parC,blaTEM,tetA","gyrA_S83L,parC_S80I",0.594,206
ISO_0150_Levofloxacin,ISO_0150,Levofloxacin,34.58,5.67,MHB,Medium,"gyrA,parC,blaTEM,tetA","gyrA_S83L,parC_S80I",0.6273,206
ISO_0150_Ampicillin,ISO_0150,Ampicillin,39.23,6.09,Blood,Low,"gyrA,parC,blaTEM,tetA","gyrA_S83L,parC_S80I",0.5518,206
ISO_0150_Tetracycline,ISO_0150,Tetracycline,39.89,7.56,Minimal,Low,"gyrA,parC,blaTEM,tetA","gyrA_S83L,parC_S80I",0.5375,206
ISO_0151_Ciprofloxacin,ISO_0151,Ciprofloxacin,40.47,7.68,MHB,Sensitive,"gyrA,parC,blaTEM,tetA",No_mutation,0.5004,206
ISO_0151_Levofloxacin,ISO_0151,Levofloxacin,40.15,6.44,Blood,Sensitive,"gyrA,parC,blaTEM,tetA",No_mutation,0.4994,206
ISO_0151_Ampicillin,ISO_0151,Ampicillin,34.33,7.72,MHB,Medium,"gyrA,parC,blaTEM,tetA",No_mutation,0.5482,206
ISO_0151_Tetracycline,ISO_0151,Tetracycline,31.66,7.87,MHB,Low,"gyrA,parC,blaTEM,tetA",No_mutation,0.5572,206
ISO_0152_Ciprofloxacin,ISO_0152,Ciprofloxacin,32.03,7.93,MHB,Sensitive,"gyrA,parC,blaTEM,tetA",No_mutation,0.5173,206
ISO_0152_Levofloxacin,ISO_0152,Levofloxacin,37.63,8.0,Blood,Sensitive,"gyrA,parC,blaTEM,tetA",No_mutation,0.4904,206
ISO_0152_Ampicillin,ISO_0152,Ampicillin,31.81,7.79,Minimal,Low,"gyrA,parC,blaTEM,tetA",No_mutation,0.5736,206
ISO_0152_Tetracycline,ISO_0152,Tetracycline,37.25,5.9,Blood,Medium,"gyrA,parC,blaTEM,tetA",No_mutation,0.5272,206
ISO_0153_Ciprofloxacin,ISO_0153,Ciprofloxacin,37.75,7.12,LB,Medium,"gyrA,parC,blaTEM,tetA","gyrA_S83L,parC_S80I",0.5863,206
ISO_0153_Levofloxacin,ISO_0153,Levofloxacin,33.81,6.46,LB,Medium,"gyrA,parC,blaTEM,tetA","gyrA_S83L,parC_S80I",0.6143,206
ISO_0153_Ampicillin,ISO_0153,Ampicillin,31.56,6.74,LB,Low,"gyrA,parC,blaTEM,tetA","gyrA_S83L,parC_S80I",0.5567,206
ISO_0153_Tetracycline,ISO_0153,Tetracycline,35.55,7.36,Minimal,Sensitive,"gyrA,parC,blaTEM,tetA","gyrA_S83L,parC_S80I",0.5222,206
ISO_0154_Ciprofloxacin,ISO_0154,Ciprofloxacin,30.9,8.24,LB,High,"gyrA,parC,blaTEM,tetA","gyrA_S83L,gyrA_D87N,parC_S80I,parC_E84K",0.7016,206
ISO_0154_Levofloxacin,ISO_0154,Levofloxacin,32.86,7.13,LB,High,"gyrA,parC,blaTEM,tetA","gyrA_S83L,gyrA_D87N,parC_S80I,parC_E84K",0.6686,206
ISO_0154_Ampicillin,ISO_0154,Ampicillin,41.08,7.98,Blood,High,"gyrA,parC,blaTEM,tetA","gyrA_S83L,gyrA_D87N,parC_S80I,parC_E84K",0.567,206
ISO_0154_Tetracycline,ISO_0154,Tetracycline,31.57,8.15,Blood,Low,"gyrA,parC,blaTEM,tetA","gyrA_S83L,gyrA_D87N,parC_S80I,parC_E84K",0.5668,206
ISO_0155_Ciprofloxacin,ISO_0155,Ciprofloxacin,39.4,7.61,MHB,Medium,"gyrA,parC,blaTEM,tetA",gyrA_S83L,0.5654,206
ISO_0155_Levofloxacin,ISO_0155,Levofloxacin,35.75,5.8,MHB,Medium,"gyrA,parC,blaTEM,tetA",gyrA_S83L,0.5714,206
ISO_0155_Ampicillin,ISO_0155,Ampicillin,34.19,6.76,Minimal,Low,"gyrA,parC,blaTEM,tetA",gyrA_S83L,0.5438,206
ISO_0155_Tetracycline,ISO_0155,Tetracycline,38.79,6.29,Minimal,Medium,"gyrA,parC,blaTEM,tetA",gyrA_S83L,0.5326,206
ISO_0156_Ciprofloxacin,ISO_0156,Ciprofloxacin,41.81,8.37,Blood,Low,"gyrA,parC,blaTEM,tetA",No_mutation,0.5286,206
ISO_0156_Levofloxacin,ISO_0156,Levofloxacin,36.47,7.15,MHB,Sensitive,"gyrA,parC,blaTEM,tetA",No_mutation,0.4679,206
ISO_0156_Ampicillin,ISO_0156,Ampicillin,31.4,6.51,Blood,Low,"gyrA,parC,blaTEM,tetA",No_mutation,0.5674,206
ISO_0156_Tetracycline,ISO_0156,Tetracycline,32.99,6.13,MHB,High,"gyrA,parC,blaTEM,tetA",No_mutation,0.5474,206
ISO_0157_Ciprofloxacin,ISO_0157,Ciprofloxacin,31.56,7.23,MHB,High,"gyrA,parC,blaTEM,tetA","gyrA_S83L,gyrA_D87N,parC_S80I",0.6604,206
ISO_0157_Levofloxacin,ISO_0157,Levofloxacin,36.9,7.34,MHB,High,"gyrA,parC,blaTEM,tetA","gyrA_S83L,gyrA_D87N,parC_S80I",0.6272,206
ISO_0157_Ampicillin,ISO_0157,Ampicillin,35.2,7.3,MHB,Sensitive,"gyrA,parC,blaTEM,tetA","gyrA_S83L,gyrA_D87N,parC_S80I",0.5323,206
ISO_0157_Tetracycline,ISO_0157,Tetracycline,39.91,5.8,MHB,Low,"gyrA,parC,blaTEM,tetA","gyrA_S83L,gyrA_D87N,parC_S80I",0.5465,206
ISO_0158_Ciprofloxacin,ISO_0158,Ciprofloxacin,32.95,5.62,LB,Low,"gyrA,parC,blaTEM,tetA",No_mutation,0.5187,206
ISO_0158_Levofloxacin,ISO_0158,Levofloxacin,34.66,8.58,LB,Sensitive,"gyrA,parC,blaTEM,tetA",No_mutation,0.5118,206
ISO_0158_Ampicillin,ISO_0158,Ampicillin,32.95,7.5,LB,Low,"gyrA,parC,blaTEM,tetA",No_mutation,0.5517,206
ISO_0158_Tetracycline,ISO_0158,Tetracycline,37.58,6.31,MHB,Sensitive,"gyrA,parC,blaTEM,tetA",No_mutation,0.5177,206
ISO_0159_Ciprofloxacin,ISO_0159,Ciprofloxacin,38.05,7.92,LB,High,"gyrA,parC,blaTEM,tetA","gyrA_S83L,parC_S80I",0.6058,206
ISO_0159_Levofloxacin,ISO_0159,Levofloxacin,35.72,7.28,Minimal,Medium,"gyrA,parC,blaTEM,tetA","gyrA_S83L,parC_S80I",0.602,206
ISO_0159_Ampicillin,ISO_0159,Ampicillin,36.75,6.49,LB,Medium,"gyrA,parC,blaTEM,tetA","gyrA_S83L,parC_S80I",0.5236,206
ISO_0159_Tetracycline,ISO_0159,Tetracycline,30.17,6.89,LB,Low,"gyrA,parC,blaTEM,tetA","gyrA_S83L,parC_S80I",0.5496,206
ISO_0160_Ciprofloxacin,ISO_0160,Ciprofloxacin,30.73,8.56,LB,High,"gyrA,parC,blaTEM,tetA","gyrA_S83L,gyrA_D87N,parC_S80I,parC_E84K",0.7087,206
ISO_0160_Levofloxacin,ISO_0160,Levofloxacin,41.91,6.87,Minimal,High,"gyrA,parC,blaTEM,tetA","gyrA_S83L,gyrA_D87N,parC_S80I,parC_E84K",0.68,206
ISO_0160_Ampicillin,ISO_0160,Ampicillin,34.89,5.77,Minimal,Low,"gyrA,parC,blaTEM,tetA","gyrA_S83L,gyrA_D87N,parC_S80I,parC_E84K",0.5607,206
ISO_0160_Tetracycline,ISO_0160,Tetracycline,38.17,6.31,MHB,Sensitive,"gyrA,parC,blaTEM,tetA","gyrA_S83L,gyrA_D87N,parC_S80I,parC_E84K",0.5221,206
ISO_0161_Ciprofloxacin,ISO_0161,Ciprofloxacin,33.63,6.32,Minimal,Low,"gyrA,parC,blaTEM,tetA",No_mutation,0.505,206
ISO_0161_Levofloxacin,ISO_0161,Levofloxacin,32.96,6.42,Minimal,Low,"gyrA,parC,blaTEM,tetA",No_mutation,0.5092,206
ISO_0161_Ampicillin,ISO_0161,Ampicillin,34.79,8.27,Minimal,Low,"gyrA,parC,blaTEM,tetA",No_mutation,0.5623,206
ISO_0161_Tetracycline,ISO_0161,Tetracycline,39.27,8.11,MHB,Medium,"gyrA,parC,blaTEM,tetA",No_mutation,0.5398,206
ISO_0162_Ciprofloxacin,ISO_0162,Ciprofloxacin,41.49,8.22,Minimal,Medium,"gyrA,parC,blaTEM,tetA",gyrA_S83L,0.5993,206
ISO_0162_Levofloxacin,ISO_0162,Levofloxacin,30.38,7.07,Minimal,Medium,"gyrA,parC,blaTEM,tetA",gyrA_S83L,0.5911,206
ISO_0162_Ampicillin,ISO_0162,Ampicillin,41.25,7.41,Minimal,High,"gyrA,parC,blaTEM,tetA",gyrA_S83L,0.5583,206
ISO_0162_Tetracycline,ISO_0162,Tetracycline,41.37,5.65,MHB,Low,"gyrA,parC,blaTEM,tetA",gyrA_S83L,0.5607,206
ISO_0163_Ciprofloxacin,ISO_0163,Ciprofloxacin,35.32,6.03,Minimal,Low,"gyrA,parC,blaTEM,tetA",No_mutation,0.4989,206
ISO_0163_Levofloxacin,ISO_0163,Levofloxacin,34.12,7.41,Blood,Sensitive,"gyrA,parC,blaTEM,tetA",No_mutation,0.494,206
ISO_0163_Ampicillin,ISO_0163,Ampicillin,33.49,8.28,Minimal,High,"gyrA,parC,blaTEM,tetA",No_mutation,0.5721,206
ISO_0163_Tetracycline,ISO_0163,Tetracycline,34.81,6.24,Minimal,Low,"gyrA,parC,blaTEM,tetA",No_mutation,0.5367,206
ISO_0164_Ciprofloxacin,ISO_0164,Ciprofloxacin,36.37,6.62,Blood,Low,"gyrA,parC,blaTEM,tetA",No_mutation,0.4751,206
ISO_0164_Levofloxacin,ISO_0164,Levofloxacin,41.92,6.8,Blood,Sensitive,"gyrA,parC,blaTEM,tetA",No_mutation,0.5046,206
ISO_0164_Ampicillin,ISO_0164,Ampicillin,34.88,6.9,Blood,Medium,"gyrA,parC,blaTEM,tetA",No_mutation,0.5329,206
ISO_0164_Tetracycline,ISO_0164,Tetracycline,40.87,7.47,MHB,Sensitive,"gyrA,parC,blaTEM,tetA",No_mutation,0.5374,206
ISO_0165_Ciprofloxacin,ISO_0165,Ciprofloxacin,30.83,6.58,MHB,High,"gyrA,parC,blaTEM,tetA","gyrA_S83L,gyrA_D87N,parC_S80I",0.6691,206
ISO_0165_Levofloxacin,ISO_0165,Levofloxacin,38.72,6.46,Blood,High,"gyrA,parC,blaTEM,tetA","gyrA_S83L,gyrA_D87N,parC_S80I",0.6451,206
ISO_0165_Ampicillin,ISO_0165,Ampicillin,40.44,6.19,Blood,Low,"gyrA,parC,blaTEM,tetA","gyrA_S83L,gyrA_D87N,parC_S80I",0.5585,206
ISO_0165_Tetracycline,ISO_0165,Tetracycline,32.02,6.5,LB,Sensitive,"gyrA,parC,blaTEM,tetA","gyrA_S83L,gyrA_D87N,parC_S80I",0.5445,206
ISO_0166_Ciprofloxacin,ISO_0166,Ciprofloxacin,35.51,8.03,Minimal,Medium,"gyrA,parC,blaTEM,tetA",gyrA_S83L,0.5733,206
ISO_0166_Levofloxacin,ISO_0166,Levofloxacin,36.06,6.09,LB,Low,"gyrA,parC,blaTEM,tetA",gyrA_S83L,0.5609,206
ISO_0166_Ampicillin,ISO_0166,Ampicillin,38.09,7.17,MHB,Medium,"gyrA,parC,blaTEM,tetA",gyrA_S83L,0.5241,206
ISO_0166_Tetracycline,ISO_0166,Tetracycline,31.47,6.72,Minimal,Medium,"gyrA,parC,blaTEM,tetA",gyrA_S83L,0.5509,206
ISO_0167_Ciprofloxacin,ISO_0167,Ciprofloxacin,39.44,6.8,LB,High,"gyrA,parC,blaTEM,tetA","gyrA_S83L,parC_S80I",0.6003,206
ISO_0167_Levofloxacin,ISO_0167,Levofloxacin,41.71,7.87,Minimal,High,"gyrA,parC,blaTEM,tetA","gyrA_S83L,parC_S80I",0.6387,206
ISO_0167_Ampicillin,ISO_0167,Ampicillin,36.27,6.65,MHB,Medium,"gyrA,parC,blaTEM,tetA","gyrA_S83L,parC_S80I",0.5254,206
ISO_0167_Tetracycline,ISO_0167,Tetracycline,33.36,6.2,Blood,Low,"gyrA,parC,blaTEM,tetA","gyrA_S83L,parC_S80I",0.5457,206
ISO_0168_Ciprofloxacin,ISO_0168,Ciprofloxacin,38.42,6.62,Blood,High,"gyrA,parC,blaTEM,tetA","gyrA_S83L,gyrA_D87N,parC_S80I",0.6385,206
ISO_0168_Levofloxacin,ISO_0168,Levofloxacin,31.82,6.85,Blood,High,"gyrA,parC,blaTEM,tetA","gyrA_S83L,gyrA_D87N,parC_S80I",0.6607,206
ISO_0168_Ampicillin,ISO_0168,Ampicillin,33.99,6.58,Minimal,High,"gyrA,parC,blaTEM,tetA","gyrA_S83L,gyrA_D87N,parC_S80I",0.5493,206
ISO_0168_Tetracycline,ISO_0168,Tetracycline,38.95,6.15,MHB,Sensitive,"gyrA,parC,blaTEM,tetA","gyrA_S83L,gyrA_D87N,parC_S80I",0.5316,206
ISO_0169_Ciprofloxacin,ISO_0169,Ciprofloxacin,32.9,8.0,MHB,Low,"gyrA,parC,blaTEM,tetA",No_mutation,0.5123,206
ISO_0169_Levofloxacin,ISO_0169,Levofloxacin,38.42,8.22,MHB,Sensitive,"gyrA,parC,blaTEM,tetA",No_mutation,0.4986,206
ISO_0169_Ampicillin,ISO_0169,Ampicillin,41.73,6.4,Blood,Low,"gyrA,parC,blaTEM,tetA",No_mutation,0.5634,206
ISO_0169_Tetracycline,ISO_0169,Tetracycline,32.01,5.75,MHB,Low,"gyrA,parC,blaTEM,tetA",No_mutation,0.5631,206
ISO_0170_Ciprofloxacin,ISO_0170,Ciprofloxacin,39.23,5.76,Blood,Medium,"gyrA,parC,blaTEM,tetA",gyrA_S83L,0.5807,206
ISO_0170_Levofloxacin,ISO_0170,Levofloxacin,34.67,5.6,Minimal,Medium,"gyrA,parC,blaTEM,tetA",gyrA_S83L,0.5889,206
ISO_0170_Ampicillin,ISO_0170,Ampicillin,30.35,8.0,LB,Sensitive,"gyrA,parC,blaTEM,tetA",gyrA_S83L,0.5819,206
ISO_0170_Tetracycline,ISO_0170,Tetracycline,38.86,6.24,Blood,Medium,"gyrA,parC,blaTEM,tetA",gyrA_S83L,0.5316,206
ISO_0171_Ciprofloxacin,ISO_0171,Ciprofloxacin,41.34,8.22,LB,High,"gyrA,parC,blaTEM,tetA","gyrA_S83L,gyrA_D87N,parC_S80I",0.6713,206
ISO_0171_Levofloxacin,ISO_0171,Levofloxacin,38.79,6.67,Minimal,High,"gyrA,parC,blaTEM,tetA","gyrA_S83L,gyrA_D87N,parC_S80I",0.6438,206
ISO_0171_Ampicillin,ISO_0171,Ampicillin,38.74,8.19,Blood,Low,"gyrA,parC,blaTEM,tetA","gyrA_S83L,gyrA_D87N,parC_S80I",0.5544,206
ISO_0171_Tetracycline,ISO_0171,Tetracycline,36.56,6.15,Blood,Medium,"gyrA,parC,blaTEM,tetA","gyrA_S83L,gyrA_D87N,parC_S80I",0.523,206
ISO_0172_Ciprofloxacin,ISO_0172,Ciprofloxacin,36.36,7.88,MHB,Sensitive,"gyrA,parC,blaTEM,tetA",No_mutation,0.4837,206
ISO_0172_Levofloxacin,ISO_0172,Levofloxacin,35.92,6.77,Blood,Sensitive,"gyrA,parC,blaTEM,tetA",No_mutation,0.4765,206
ISO_0172_Ampicillin,ISO_0172,Ampicillin,35.45,5.99,Blood,Low,"gyrA,parC,blaTEM,tetA",No_mutation,0.549,206
ISO_0172_Tetracycline,ISO_0172,Tetracycline,40.64,7.2,Blood,Sensitive,"gyrA,parC,blaTEM,tetA",No_mutation,0.5323,206
ISO_0173_Ciprofloxacin,ISO_0173,Ciprofloxacin,38.49,7.07,MHB,High,"gyrA,parC,blaTEM,tetA","gyrA_S83L,gyrA_D87N,parC_S80I,parC_E84K",0.6499,206
ISO_0173_Levofloxacin,ISO_0173,Levofloxacin,38.82,8.07,Blood,High,"gyrA,parC,blaTEM,tetA","gyrA_S83L,gyrA_D87N,parC_S80I,parC_E84K",0.6759,206
ISO_0173_Ampicillin,ISO_0173,Ampicillin,34.04,8.16,MHB,Low,"gyrA,parC,blaTEM,tetA","gyrA_S83L,gyrA_D87N,parC_S80I,parC_E84K",0.5601,206
ISO_0173_Tetracycline,ISO_0173,Tetracycline,32.47,6.86,MHB,Sensitive,"gyrA,parC,blaTEM,tetA","gyrA_S83L,gyrA_D87N,parC_S80I,parC_E84K",0.5349,206
ISO_0174_Ciprofloxacin,ISO_0174,Ciprofloxacin,34.37,7.7,MHB,Sensitive,"gyrA,parC,blaTEM,tetA",No_mutation,0.4945,206
ISO_0174_Levofloxacin,ISO_0174,Levofloxacin,36.63,7.68,Minimal,Sensitive,"gyrA,parC,blaTEM,tetA",No_mutation,0.484,206
ISO_0174_Ampicillin,ISO_0174,Ampicillin,37.85,6.07,LB,Sensitive,"gyrA,parC,blaTEM,tetA",No_mutation,0.5375,206
ISO_0174_Tetracycline,ISO_0174,Tetracycline,41.87,5.81,LB,High,"gyrA,parC,blaTEM,tetA",No_mutation,0.5591,206
ISO_0175_Ciprofloxacin,ISO_0175,Ciprofloxacin,39.34,6.67,Minimal,Low,"gyrA,parC,blaTEM,tetA",No_mutation,0.4894,206
ISO_0175_Levofloxacin,ISO_0175,Levofloxacin,40.37,7.79,Blood,Low,"gyrA,parC,blaTEM,tetA",No_mutation,0.5062,206
ISO_0175_Ampicillin,ISO_0175,Ampicillin,34.78,8.19,Blood,Medium,"gyrA,parC,blaTEM,tetA",No_mutation,0.5579,206
ISO_0175_Tetracycline,ISO_0175,Tetracycline,41.91,5.99,MHB,Low,"gyrA,parC,blaTEM,tetA",No_mutation,0.5572,206
ISO_0176_Ciprofloxacin,ISO_0176,Ciprofloxacin,32.85,6.91,Blood,Sensitive,"gyrA,parC,blaTEM,tetA",No_mutation,0.4949,206
ISO_0176_Levofloxacin,ISO_0176,Levofloxacin,31.26,5.8,Blood,Sensitive,"gyrA,parC,blaTEM,tetA",No_mutation,0.5332,206
ISO_0176_Ampicillin,ISO_0176,Ampicillin,41.42,7.35,MHB,Low,"gyrA,parC,blaTEM,tetA",No_mutation,0.5529,206
ISO_0176_Tetracycline,ISO_0176,Tetracycline,40.38,5.64,Blood,Low,"gyrA,parC,blaTEM,tetA",No_mutation,0.5563,206
ISO_0177_Ciprofloxacin,ISO_0177,Ciprofloxacin,40.97,8.46,Blood,Low,"gyrA,parC,blaTEM,tetA",No_mutation,0.5244,206
ISO_0177_Levofloxacin,ISO_0177,Levofloxacin,37.89,6.37,Blood,Sensitive,"gyrA,parC,blaTEM,tetA",No_mutation,0.4841,206
ISO_0177_Ampicillin,ISO_0177,Ampicillin,36.38,6.94,Minimal,Sensitive,"gyrA,parC,blaTEM,tetA",No_mutation,0.5235,206
ISO_0177_Tetracycline,ISO_0177,Tetracycline,36.15,8.31,MHB,Medium,"gyrA,parC,blaTEM,tetA",No_mutation,0.5337,206
ISO_0178_Ciprofloxacin,ISO_0178,Ciprofloxacin,34.95,7.21,MHB,Low,"gyrA,parC,blaTEM,tetA",No_mutation,0.4792,206
ISO_0178_Levofloxacin,ISO_0178,Levofloxacin,31.65,6.23,Minimal,Sensitive,"gyrA,parC,blaTEM,tetA",No_mutation,0.5233,206
ISO_0178_Ampicillin,ISO_0178,Ampicillin,30.99,7.19,MHB,Low,"gyrA,parC,blaTEM,tetA",No_mutation,0.5611,206
ISO_0178_Tetracycline,ISO_0178,Tetracycline,33.85,6.37,Minimal,Low,"gyrA,parC,blaTEM,tetA",No_mutation,0.541,206
ISO_0179_Ciprofloxacin,ISO_0179,Ciprofloxacin,31.56,7.87,Blood,High,"gyrA,parC,blaTEM,tetA","gyrA_S83L,gyrA_D87N,parC_S80I",0.6755,206
ISO_0179_Levofloxacin,ISO_0179,Levofloxacin,41.43,7.13,Blood,High,"gyrA,parC,blaTEM,tetA","gyrA_S83L,gyrA_D87N,parC_S80I",0.6552,206
ISO_0179_Ampicillin,ISO_0179,Ampicillin,36.77,5.61,MHB,Medium,"gyrA,parC,blaTEM,tetA","gyrA_S83L,gyrA_D87N,parC_S80I",0.545,206
ISO_0179_Tetracycline,ISO_0179,Tetracycline,38.65,6.05,LB,Sensitive,"gyrA,parC,blaTEM,tetA","gyrA_S83L,gyrA_D87N,parC_S80I",0.5298,206
ISO_0180_Ciprofloxacin,ISO_0180,Ciprofloxacin,38.97,5.74,Blood,Medium,"gyrA,parC,blaTEM,tetA",gyrA_S83L,0.5792,206
ISO_0180_Levofloxacin,ISO_0180,Levofloxacin,38.1,7.09,LB,Low,"gyrA,parC,blaTEM,tetA",gyrA_S83L,0.5439,206
ISO_0180_Ampicillin,ISO_0180,Ampicillin,36.05,8.08,LB,Medium,"gyrA,parC,blaTEM,tetA",gyrA_S83L,0.5416,206
ISO_0180_Tetracycline,ISO_0180,Tetracycline,35.68,6.3,Minimal,High,"gyrA,parC,blaTEM,tetA",gyrA_S83L,0.5289,206
